order_item_id,order_id,menu_item_id,quantity,unit_price_usd
1,1,149,1,4.65
2,1,49,4,25.44
3,1,43,4,10.31
4,1,54,2,34.11
5,2,4,3,29.13
6,2,5,3,31.74
7,2,129,1,25.53
8,2,117,4,16.43
9,2,91,4,19.98
10,3,30,2,17.95
11,3,96,2,20.91
12,3,42,4,15.52
13,4,73,1,34.85
14,4,27,1,23.96
15,4,106,1,19.14
16,4,140,1,23.46
17,5,149,1,24.53
18,5,108,2,10.52
19,5,117,4,7.11
20,5,121,1,14.54
21,5,119,4,32.1
22,6,2,3,28.14
23,6,130,3,11.93
24,6,68,3,29.91
25,6,107,2,3.63
26,7,9,1,4.33
27,7,96,3,14.06
28,7,147,4,11.12
29,7,101,2,22.91
30,8,14,4,7.56
31,8,100,2,16.2
32,8,82,2,17.28
33,8,26,2,19.38
34,9,101,3,29.88
35,9,41,3,9.92
36,9,24,1,17.28
37,9,40,1,22.97
38,9,140,1,21.51
39,10,34,4,23.49
40,11,48,2,24.05
41,11,57,3,9.61
42,11,63,4,27.77
43,12,71,1,32.95
44,13,149,1,6.99
45,14,32,1,7.97
46,14,68,2,6.42
47,14,127,3,32.25
48,14,54,4,6.67
49,14,6,4,5.82
50,15,54,4,15.32
51,16,116,2,9.16
52,16,3,2,24.28
53,16,9,1,34.24
54,17,124,1,8.49
55,17,66,1,9.57
56,17,8,1,19.82
57,18,56,3,7.12
58,18,56,1,13.82
59,19,22,2,11.93
60,19,124,2,33.53
61,20,142,3,18.21
62,20,127,4,19.65
63,20,103,2,11.38
64,21,72,4,6.74
65,21,80,2,28.51
66,22,111,4,16.85
67,22,70,3,23.12
68,22,99,4,9.79
69,22,91,3,31.78
70,23,116,2,31.52
71,24,65,4,12.74
72,24,136,3,16.05
73,24,30,2,28.98
74,24,110,2,14.77
75,24,19,2,24.19
76,25,38,3,7.35
77,25,82,1,26.08
78,25,55,4,21.38
79,26,60,1,15.65
80,26,55,2,6.74
81,26,72,1,21.58
82,27,112,3,29.12
83,27,51,2,5.06
84,27,127,4,4.97
85,27,71,4,7.26
86,28,44,3,22.12
87,28,61,1,12.48
88,28,148,1,32.22
89,28,73,2,30.01
90,29,10,1,14.13
91,29,5,1,18.3
92,29,107,3,12.15
93,29,89,4,6.01
94,30,127,1,15.89
95,30,117,4,30.23
96,30,32,3,33.04
97,31,8,2,5.01
98,32,36,1,34.8
99,33,58,2,6.27
100,33,95,1,32.92
101,33,14,3,31.32
102,33,12,1,5.01
103,34,20,3,13.87
104,34,98,3,25.51
105,34,36,4,7.28
106,35,38,4,23.56
107,35,32,2,21.7
108,35,126,3,13.64
109,36,58,1,11.81
110,36,76,1,14.62
111,36,63,2,25.39
112,36,20,4,5.4
113,37,56,4,29.28
114,38,125,1,14.22
115,38,136,3,27.46
116,39,117,2,30.21
117,39,28,2,10.39
118,39,94,4,34.21
119,40,132,2,28.07
120,40,49,1,12.25
121,40,43,3,33.47
122,40,148,1,8.14
123,40,28,1,11.08
124,41,48,3,4.4
125,41,136,4,14.59
126,41,31,1,14.66
127,41,55,2,16.0
128,42,131,3,5.17
129,42,70,3,6.58
130,42,98,4,9.61
131,42,49,4,9.06
132,43,136,4,19.84
133,43,28,1,23.86
134,43,29,2,7.13
135,44,148,3,11.02
136,45,26,3,10.63
137,45,104,4,15.88
138,45,57,3,19.1
139,45,44,2,14.45
140,45,74,3,26.62
141,46,48,4,26.78
142,47,44,3,24.97
143,47,43,2,13.96
144,48,37,1,24.48
145,48,110,3,4.16
146,48,68,1,8.88
147,48,3,3,34.04
148,49,1,4,31.01
149,49,121,1,4.92
150,49,5,3,29.81
151,49,135,2,27.28
152,49,25,1,13.09
153,50,116,4,26.65
154,50,140,3,24.4
155,50,65,3,17.95
156,51,78,3,31.58
157,51,124,1,12.0
158,51,133,1,8.16
159,52,57,2,14.75
160,52,8,2,21.69
161,52,111,3,10.0
162,52,23,2,32.5
163,53,28,3,31.13
164,53,140,4,34.6
165,53,135,2,11.86
166,53,90,3,15.82
167,54,71,3,9.5
168,54,149,3,29.78
169,54,32,4,28.55
170,54,146,3,12.58
171,55,128,2,18.19
172,56,134,3,23.15
173,56,42,3,18.83
174,57,76,1,17.8
175,58,73,1,5.18
176,58,79,1,17.06
177,59,13,3,7.84
178,60,129,2,33.54
179,60,70,2,34.87
180,60,51,4,21.93
181,61,75,2,4.51
182,62,64,4,16.81
183,62,26,3,32.49
184,62,80,2,21.26
185,63,149,2,25.02
186,63,52,3,7.77
187,63,142,2,12.98
188,64,77,4,20.69
189,65,112,1,7.87
190,65,114,3,19.37
191,65,92,4,14.66
192,65,120,4,33.79
193,66,8,1,33.66
194,66,108,1,27.31
195,66,78,2,21.78
196,66,96,2,23.06
197,67,76,1,27.29
198,67,101,2,16.19
199,67,2,4,28.94
200,67,133,4,29.93
201,67,22,1,12.01
202,68,86,1,29.39
203,69,124,3,30.73
204,69,32,1,25.6
205,69,133,2,21.2
206,69,127,2,10.54
207,69,40,3,23.29
208,70,125,2,7.11
209,71,40,1,19.87
210,72,53,1,18.42
211,72,130,4,15.81
212,73,77,4,18.74
213,74,61,3,29.38
214,74,113,1,17.12
215,75,48,2,29.28
216,76,44,2,18.5
217,76,75,3,24.53
218,77,127,3,24.53
219,77,101,4,25.48
220,77,28,4,16.63
221,77,109,2,4.38
222,77,118,1,21.27
223,78,149,3,4.57
224,79,114,1,32.11
225,79,91,2,18.24
226,79,118,3,3.79
227,79,41,3,19.27
228,79,129,2,14.49
229,80,100,1,9.0
230,80,39,3,24.16
231,80,145,3,17.97
232,80,36,3,28.23
233,80,78,4,5.65
234,81,97,4,22.58
235,81,47,3,7.58
236,81,83,3,21.91
237,81,104,1,4.92
238,82,60,1,24.46
239,82,128,4,13.7
240,83,61,1,31.84
241,83,45,4,27.31
242,84,17,1,22.77
243,84,30,1,30.17
244,84,19,4,27.55
245,84,8,2,13.62
246,85,97,2,34.65
247,85,147,2,9.67
248,85,126,4,24.88
249,85,58,2,26.88
250,86,136,2,6.21
251,86,7,1,9.91
252,86,36,1,14.83
253,86,105,1,14.23
254,87,128,2,29.72
255,87,147,4,19.28
256,87,92,2,28.75
257,87,113,4,23.2
258,87,19,1,7.51
259,88,77,1,7.21
260,88,60,1,22.45
261,88,85,1,10.56
262,88,75,3,15.8
263,88,92,1,30.98
264,89,74,1,20.33
265,89,62,3,16.08
266,90,140,1,21.86
267,91,8,1,14.15
268,91,67,2,14.04
269,91,16,2,9.93
270,92,16,2,19.05
271,92,145,1,14.39
272,92,19,4,22.34
273,93,21,4,33.32
274,93,70,1,6.78
275,93,128,2,23.99
276,93,111,4,13.06
277,93,59,1,32.83
278,94,51,4,24.98
279,95,142,4,5.14
280,96,33,4,25.59
281,96,141,2,7.14
282,96,31,3,14.58
283,96,88,4,32.42
284,97,60,1,22.04
285,97,59,4,27.05
286,98,146,1,34.71
287,98,4,2,29.1
288,98,20,1,7.49
289,98,47,3,4.88
290,98,90,2,34.94
291,99,102,4,24.21
292,99,20,1,11.38
293,100,53,4,25.72
294,100,92,2,17.47
295,100,78,3,28.08
296,100,75,2,20.1
297,100,69,3,25.48
298,101,27,1,14.42
299,101,106,4,12.31
300,101,53,2,30.0
301,101,134,2,13.11
302,101,142,2,7.37
303,102,10,2,25.5
304,102,117,1,4.17
305,103,70,3,22.03
306,104,22,1,12.29
307,104,99,4,4.09
308,104,98,4,17.49
309,105,53,4,9.31
310,105,111,1,24.3
311,106,139,3,33.02
312,107,87,3,29.02
313,107,56,1,14.24
314,107,112,4,28.15
315,107,15,1,20.93
316,107,74,4,16.85
317,108,133,3,8.62
318,108,98,4,26.99
319,108,61,2,32.09
320,108,72,3,6.19
321,108,64,3,14.13
322,109,10,3,14.89
323,109,65,1,7.42
324,109,146,3,29.83
325,109,46,4,18.08
326,110,3,4,4.67
327,110,92,4,23.59
328,110,143,2,16.37
329,110,149,1,12.21
330,111,142,3,33.53
331,111,113,2,11.63
332,111,71,3,30.88
333,111,33,2,23.36
334,111,38,1,10.83
335,112,48,4,21.77
336,113,142,2,5.42
337,114,66,1,24.87
338,114,91,1,22.42
339,114,90,1,5.94
340,115,29,1,10.96
341,115,84,3,29.62
342,115,107,1,23.72
343,115,73,2,4.28
344,116,93,3,34.22
345,116,96,4,33.19
346,116,76,1,8.55
347,116,12,3,32.8
348,116,7,1,22.68
349,117,131,3,33.11
350,117,97,1,24.2
351,117,39,4,27.52
352,118,20,2,21.31
353,119,141,4,20.48
354,119,32,1,22.62
355,119,135,4,13.48
356,119,50,3,32.2
357,119,85,2,28.67
358,120,60,4,13.42
359,120,30,2,17.52
360,120,105,3,6.01
361,121,130,1,32.31
362,121,124,2,17.64
363,121,108,2,21.43
364,121,33,2,27.96
365,121,105,2,22.57
366,122,88,3,7.22
367,122,105,4,19.41
368,122,38,4,23.43
369,123,47,4,3.99
370,123,31,4,11.8
371,124,121,1,7.48
372,124,9,4,4.25
373,124,43,1,7.67
374,124,136,4,31.98
375,124,91,2,16.17
376,125,62,3,7.25
377,125,87,1,34.82
378,125,12,1,26.77
379,125,91,4,32.19
380,125,116,4,12.61
381,126,35,2,26.3
382,126,131,1,8.3
383,126,2,3,24.73
384,126,117,4,13.59
385,127,131,3,33.26
386,127,25,2,12.87
387,128,13,4,12.49
388,128,99,3,27.35
389,128,37,1,29.14
390,129,111,3,21.62
391,129,81,1,14.44
392,130,31,3,12.13
393,130,113,2,31.39
394,131,67,1,32.62
395,131,72,2,6.52
396,131,142,2,4.36
397,132,139,2,3.71
398,133,95,2,12.38
399,134,110,4,19.91
400,134,117,3,32.42
401,134,31,4,31.5
402,134,127,3,6.24
403,134,36,3,26.55
404,135,91,1,26.94
405,136,20,3,8.44
406,136,86,3,17.78
407,137,19,3,31.61
408,137,10,4,6.66
409,137,134,3,9.5
410,137,143,1,33.4
411,137,3,2,7.81
412,138,57,2,11.86
413,138,39,4,29.14
414,138,128,3,7.65
415,138,23,2,3.6
416,139,126,2,25.86
417,140,108,3,22.82
418,141,61,3,18.75
419,141,47,3,29.98
420,141,75,4,18.94
421,141,101,3,20.62
422,141,76,1,10.4
423,142,108,4,13.75
424,142,109,1,9.05
425,142,82,1,14.45
426,143,33,4,29.96
427,143,126,4,25.15
428,143,8,3,11.94
429,143,56,4,5.42
430,144,67,3,16.45
431,144,114,4,16.06
432,144,14,3,18.79
433,145,87,1,13.22
434,145,105,2,21.53
435,146,138,2,28.06
436,146,29,3,7.57
437,147,6,1,28.78
438,147,24,3,32.24
439,147,142,1,24.13
440,147,133,2,14.91
441,147,51,2,29.9
442,148,59,3,28.74
443,148,96,3,16.52
444,148,142,2,33.11
445,148,10,1,27.29
446,149,27,4,28.43
447,149,11,2,12.42
448,149,7,2,23.39
449,149,64,1,12.08
450,149,32,4,24.14
451,150,70,1,5.91
452,150,130,4,4.13
453,151,39,1,26.68
454,151,101,2,29.69
455,151,80,3,16.89
456,151,6,3,12.13
457,151,52,1,11.82
458,152,121,4,12.67
459,152,24,2,33.96
460,152,144,3,18.73
461,152,137,2,15.55
462,152,128,4,33.47
463,153,28,4,10.56
464,153,7,4,27.79
465,153,115,3,18.52
466,153,28,3,13.97
467,153,22,1,21.17
468,154,126,2,6.14
469,154,104,4,19.99
470,155,60,1,27.67
471,155,65,4,13.31
472,155,87,2,4.65
473,155,145,4,30.95
474,155,69,2,27.28
475,156,140,4,13.36
476,156,61,3,18.03
477,156,124,1,32.52
478,156,109,1,15.33
479,157,42,1,8.74
480,158,30,1,31.39
481,158,127,2,23.22
482,158,135,4,7.91
483,158,141,4,16.08
484,159,31,4,34.87
485,159,70,3,22.88
486,159,96,2,7.96
487,160,53,3,19.86
488,160,65,4,18.08
489,160,85,2,8.67
490,160,122,1,13.51
491,160,46,2,18.32
492,161,80,2,9.78
493,162,138,4,13.93
494,163,120,2,5.6
495,164,58,3,23.31
496,164,50,3,12.45
497,164,110,3,15.07
498,164,104,3,21.18
499,164,52,1,22.17
500,165,56,3,9.12
501,166,27,2,28.6
502,166,99,3,21.63
503,166,71,4,10.09
504,166,1,2,34.66
505,166,24,2,8.01
506,167,1,3,5.95
507,167,14,2,19.62
508,167,113,4,24.44
509,167,84,3,19.26
510,168,62,4,15.39
511,169,122,3,13.32
512,169,134,3,20.22
513,169,55,2,33.28
514,169,72,2,29.96
515,170,114,4,25.4
516,170,65,1,21.07
517,170,112,3,9.11
518,170,94,4,27.78
519,170,89,4,10.23
520,171,49,4,15.29
521,171,3,2,17.43
522,171,135,2,3.68
523,171,80,3,6.46
524,171,95,3,19.34
525,172,70,1,23.89
526,173,102,1,34.87
527,173,65,3,23.2
528,173,147,1,30.69
529,173,121,4,18.94
530,174,140,1,4.7
531,174,8,2,25.73
532,174,46,2,6.11
533,174,31,1,17.47
534,175,81,1,30.52
535,176,50,1,13.98
536,176,82,2,32.03
537,176,94,1,33.13
538,177,107,1,5.55
539,177,129,2,26.46
540,177,22,2,17.47
541,177,71,2,25.19
542,178,45,1,13.3
543,178,144,3,7.21
544,178,120,1,21.33
545,178,119,1,7.16
546,179,47,1,9.35
547,180,6,2,28.35
548,180,56,3,18.0
549,180,64,3,29.88
550,180,49,2,13.28
551,180,98,3,9.11
552,181,145,3,16.54
553,181,49,3,31.33
554,182,76,3,25.47
555,182,68,1,18.93
556,183,94,3,27.83
557,183,134,4,29.63
558,183,44,1,33.41
559,183,150,4,8.4
560,183,146,2,34.8
561,184,89,3,10.03
562,184,129,3,6.36
563,184,54,3,10.38
564,184,67,1,32.54
565,185,48,4,7.9
566,185,83,3,21.26
567,185,9,3,25.59
568,185,92,1,8.5
569,185,122,3,14.11
570,186,48,3,13.15
571,187,140,2,27.19
572,187,113,4,22.2
573,187,112,4,18.42
574,187,63,3,26.29
575,188,87,4,24.87
576,188,77,1,34.08
577,188,60,1,16.76
578,188,69,4,22.18
579,188,42,2,32.55
580,189,135,2,33.47
581,189,146,2,7.59
582,189,86,1,34.07
583,189,80,2,28.75
584,189,118,4,8.71
585,190,38,2,31.31
586,191,79,1,9.31
587,191,53,4,6.34
588,191,63,2,25.07
589,192,2,4,8.52
590,192,26,4,20.82
591,192,101,2,32.25
592,193,119,2,27.54
593,193,25,4,7.55
594,193,35,4,27.86
595,193,73,4,22.3
596,194,19,3,18.88
597,194,7,2,31.4
598,194,46,2,15.13
599,194,88,1,22.73
600,194,102,1,23.84
601,195,128,2,4.89
602,195,78,4,6.42
603,196,47,4,8.25
604,196,80,4,24.77
605,196,124,1,11.72
606,196,108,2,8.65
607,197,28,4,28.9
608,197,89,1,24.16
609,197,104,1,8.57
610,197,33,4,25.12
611,197,3,4,24.1
612,198,109,1,13.04
613,198,67,1,22.51
614,198,116,3,28.1
615,198,86,3,7.02
616,199,109,4,30.91
617,199,21,2,3.72
618,200,67,2,19.72
619,200,117,4,5.03
620,200,73,1,7.33
621,200,126,4,15.06
622,200,95,3,16.91
623,201,7,3,9.13
624,201,92,4,4.05
625,201,84,3,23.53
626,202,29,3,26.55
627,202,137,4,11.33
628,202,22,1,7.47
629,202,38,4,17.08
630,202,71,3,34.11
631,203,63,4,4.78
632,203,84,3,4.71
633,203,26,4,19.65
634,203,21,3,32.71
635,203,78,4,16.12
636,204,66,1,29.86
637,204,111,1,28.5
638,205,67,3,22.89
639,205,139,2,25.37
640,205,13,3,21.56
641,205,56,4,12.16
642,205,48,3,19.3
643,206,103,2,24.86
644,207,2,4,10.02
645,207,107,2,12.16
646,207,119,3,6.56
647,208,5,3,10.46
648,208,74,4,22.02
649,209,85,4,18.48
650,209,143,1,14.3
651,209,82,3,29.41
652,209,39,4,30.41
653,209,128,2,20.27
654,210,100,3,16.19
655,210,147,1,23.39
656,211,89,1,10.04
657,211,136,3,13.08
658,211,81,4,24.75
659,211,8,2,23.18
660,211,43,3,21.29
661,212,6,3,21.03
662,212,126,2,15.32
663,212,138,2,15.42
664,212,32,1,15.97
665,213,29,3,9.13
666,213,41,4,20.83
667,214,56,4,31.86
668,214,72,3,27.77
669,214,28,3,19.32
670,215,101,2,30.56
671,215,127,4,12.52
672,215,116,2,32.6
673,215,46,4,12.58
674,215,137,3,27.53
675,216,26,4,21.77
676,216,108,4,16.42
677,217,58,2,22.71
678,218,21,4,33.28
679,218,84,2,8.74
680,218,121,1,33.48
681,218,6,4,20.89
682,218,50,2,17.92
683,219,45,4,33.02
684,219,52,3,7.68
685,220,8,2,21.69
686,221,63,4,34.68
687,221,46,4,19.26
688,221,29,3,30.97
689,221,41,2,18.06
690,222,2,1,24.98
691,223,134,4,30.66
692,223,19,4,33.66
693,223,138,1,26.05
694,223,137,1,17.31
695,224,75,4,29.59
696,225,94,4,26.07
697,226,113,4,28.3
698,226,27,2,30.18
699,226,149,1,26.24
700,226,94,4,24.18
701,226,37,2,28.56
702,227,68,1,13.9
703,227,19,4,31.82
704,228,63,3,14.29
705,228,114,3,28.3
706,228,67,3,22.22
707,228,36,2,19.94
708,229,57,3,21.25
709,230,79,2,21.38
710,230,79,4,25.96
711,230,76,2,26.93
712,231,38,3,30.56
713,231,66,2,4.38
714,232,150,3,8.17
715,232,4,3,14.97
716,233,133,4,18.52
717,233,44,3,23.78
718,233,129,3,19.99
719,233,97,4,23.92
720,233,135,4,9.02
721,234,4,1,14.28
722,234,80,2,10.57
723,234,72,1,23.97
724,234,92,4,17.97
725,235,135,2,26.85
726,236,9,4,23.23
727,236,85,1,12.05
728,236,137,1,34.07
729,237,115,2,11.21
730,238,63,2,25.22
731,238,117,2,4.77
732,239,69,3,6.38
733,239,49,1,32.04
734,239,34,3,5.42
735,239,59,2,21.95
736,239,149,4,18.12
737,240,14,3,28.39
738,240,19,2,18.57
739,240,114,1,18.5
740,240,26,2,22.35
741,240,77,1,21.82
742,241,114,2,22.05
743,242,117,1,11.43
744,242,105,3,19.02
745,242,46,3,19.48
746,242,132,3,33.47
747,242,77,3,30.82
748,243,88,3,24.85
749,243,129,3,23.22
750,244,47,4,3.71
751,245,121,4,8.64
752,245,17,4,24.7
753,245,25,4,14.29
754,245,138,2,9.6
755,245,28,2,10.22
756,246,79,3,27.64
757,246,121,1,25.07
758,246,54,2,13.7
759,246,50,4,28.25
760,246,41,2,13.76
761,247,122,4,28.06
762,247,69,2,32.88
763,247,121,3,15.18
764,247,79,3,26.39
765,247,81,4,13.2
766,248,101,4,3.68
767,248,104,1,34.01
768,248,91,2,34.21
769,248,71,1,29.28
770,248,52,2,24.35
771,249,76,3,4.25
772,249,110,4,13.76
773,249,144,2,28.62
774,250,129,4,30.48
775,250,28,1,11.16
776,250,84,4,33.16
777,250,121,1,28.11
778,250,100,4,11.37
779,251,97,1,6.7
780,251,88,3,20.44
781,251,113,3,7.0
782,251,35,1,13.72
783,251,106,2,31.03
784,252,77,2,21.2
785,252,113,2,13.83
786,252,140,3,21.04
787,252,75,1,7.92
788,252,18,3,33.65
789,253,115,2,9.3
790,253,120,2,18.02
791,253,86,2,24.85
792,254,66,1,7.92
793,254,106,4,15.98
794,254,125,1,29.7
795,255,132,3,4.01
796,256,9,3,28.39
797,256,126,3,21.61
798,256,18,1,21.31
799,256,143,1,20.25
800,257,23,4,22.72
801,257,49,1,27.66
802,257,111,3,18.17
803,257,39,3,5.8
804,257,148,3,17.8
805,258,6,4,21.6
806,258,2,4,4.09
807,258,58,3,16.96
808,258,67,2,21.91
809,259,137,4,24.09
810,259,52,3,31.64
811,259,148,2,9.45
812,260,53,3,9.22
813,260,7,1,28.05
814,261,90,1,13.82
815,261,81,2,24.23
816,261,52,3,8.64
817,261,70,2,32.99
818,261,56,3,4.36
819,262,32,4,4.3
820,262,54,4,5.05
821,262,113,4,9.76
822,262,98,1,6.42
823,263,130,1,8.63
824,263,54,1,33.13
825,264,92,3,16.58
826,264,54,1,28.69
827,264,93,4,11.54
828,264,29,4,4.01
829,264,98,4,16.11
830,265,91,3,33.29
831,266,112,3,10.72
832,267,100,4,4.0
833,268,83,1,7.93
834,268,64,2,21.28
835,268,33,2,7.92
836,269,10,1,22.28
837,269,54,3,15.21
838,269,107,2,16.71
839,269,45,2,26.87
840,270,94,1,28.28
841,270,8,4,9.93
842,271,96,3,23.09
843,271,8,1,13.94
844,271,121,1,26.65
845,271,37,4,4.96
846,272,135,2,8.48
847,272,4,3,31.76
848,272,24,4,34.63
849,272,29,4,18.13
850,273,138,4,7.73
851,273,1,3,18.5
852,273,66,2,13.67
853,273,139,3,33.64
854,274,123,4,27.08
855,275,51,2,10.41
856,275,34,2,10.6
857,275,22,1,26.09
858,275,73,1,11.37
859,275,65,2,26.5
860,276,85,4,24.55
861,276,134,3,27.44
862,276,34,3,16.79
863,277,149,1,27.06
864,277,99,1,28.52
865,278,4,2,23.49
866,278,61,2,16.0
867,279,147,4,18.74
868,280,49,4,17.74
869,280,55,4,23.07
870,280,140,4,7.21
871,281,132,3,14.12
872,281,48,3,14.24
873,281,125,4,24.39
874,282,133,3,5.49
875,282,94,4,23.73
876,282,140,2,6.48
877,283,29,1,20.84
878,283,76,2,31.01
879,283,79,4,17.24
880,283,22,2,16.02
881,284,50,2,29.96
882,284,57,1,9.76
883,284,91,2,21.23
884,284,136,1,28.71
885,284,93,2,25.35
886,285,43,3,8.5
887,285,43,2,30.06
888,285,39,4,30.54
889,285,72,1,33.71
890,285,103,3,15.78
891,286,108,4,18.24
892,286,35,3,3.51
893,286,65,3,10.08
894,286,18,1,27.29
895,286,36,2,18.65
896,287,63,4,28.27
897,287,108,4,22.13
898,288,90,1,10.63
899,288,71,2,31.62
900,289,150,2,9.98
901,290,71,3,3.84
902,290,31,3,20.01
903,291,121,2,24.3
904,291,77,1,20.55
905,291,117,2,5.72
906,291,88,3,33.41
907,291,11,4,29.9
908,292,29,4,16.92
909,292,44,4,27.39
910,292,58,1,6.29
911,293,93,2,30.88
912,293,127,4,16.78
913,293,27,3,30.03
914,293,71,3,23.67
915,293,85,4,24.51
916,294,92,1,3.91
917,294,125,2,21.95
918,294,57,4,24.47
919,295,125,4,22.61
920,296,11,1,22.1
921,296,26,1,7.2
922,296,62,3,21.77
923,296,108,4,26.13
924,297,89,4,30.35
925,298,134,1,33.12
926,298,111,1,10.31
927,298,47,1,23.36
928,298,85,1,12.71
929,298,106,1,26.47
930,299,92,3,14.6
931,299,64,3,17.55
932,299,13,3,17.93
933,300,42,2,21.09
934,300,141,3,26.83
935,300,90,2,30.11
936,301,86,3,22.92
937,302,82,3,6.69
938,302,24,4,13.36
939,303,48,4,9.87
940,303,125,3,14.12
941,303,113,3,27.28
942,303,44,3,4.0
943,304,149,3,32.13
944,304,144,3,27.34
945,305,46,4,22.98
946,305,20,2,6.44
947,305,104,3,8.09
948,305,88,3,16.0
949,305,99,1,30.12
950,306,146,1,13.7
951,306,58,4,29.52
952,306,63,2,24.53
953,307,7,4,10.57
954,307,57,2,31.07
955,307,113,2,8.08
956,308,63,1,30.51
957,308,124,4,16.56
958,308,142,2,16.49
959,309,149,4,23.26
960,309,100,3,25.76
961,309,94,3,17.09
962,309,94,2,13.58
963,309,92,1,33.68
964,310,83,2,28.56
965,310,149,2,6.54
966,311,122,3,6.8
967,311,59,3,26.1
968,311,142,2,18.16
969,311,148,1,18.0
970,311,113,4,22.12
971,312,44,1,21.14
972,313,15,3,18.51
973,313,38,1,24.98
974,313,17,3,21.45
975,313,8,4,17.07
976,313,35,4,10.28
977,314,80,3,13.91
978,314,146,4,8.04
979,314,139,3,30.68
980,314,14,3,22.0
981,315,17,4,26.51
982,316,64,2,29.83
983,316,8,4,26.45
984,317,23,1,33.3
985,317,147,4,28.85
986,317,98,4,7.86
987,318,47,1,13.3
988,318,46,4,31.19
989,318,128,1,9.31
990,319,52,2,14.56
991,319,21,3,17.73
992,319,25,3,4.14
993,319,16,1,25.01
994,320,44,1,33.85
995,321,4,1,13.8
996,321,79,1,28.7
997,321,146,3,30.57
998,321,45,2,23.55
999,321,128,2,20.36
1000,322,25,2,22.39
1001,322,147,2,31.58
1002,322,46,2,29.15
1003,323,8,1,32.96
1004,323,31,3,32.95
1005,323,28,3,25.02
1006,323,133,2,31.86
1007,324,50,2,34.92
1008,324,87,4,32.75
1009,324,141,4,28.2
1010,324,30,1,14.16
1011,325,37,2,33.75
1012,325,126,2,28.51
1013,325,11,3,5.35
1014,326,26,1,24.4
1015,326,83,4,27.34
1016,326,52,3,13.59
1017,326,115,2,12.73
1018,327,104,4,15.38
1019,327,126,1,18.97
1020,327,83,4,22.7
1021,327,79,4,34.76
1022,328,15,1,9.42
1023,328,23,3,31.6
1024,328,147,2,23.69
1025,329,137,1,4.99
1026,330,99,2,14.58
1027,330,138,1,29.45
1028,330,112,2,19.53
1029,331,55,1,17.9
1030,332,57,3,5.8
1031,332,53,4,10.01
1032,333,4,1,32.55
1033,333,53,1,32.62
1034,333,2,2,24.28
1035,333,85,2,34.59
1036,333,59,3,32.4
1037,334,12,2,7.96
1038,334,64,3,31.28
1039,334,109,3,9.95
1040,334,70,4,25.24
1041,335,106,4,12.26
1042,335,49,4,11.48
1043,335,3,4,4.82
1044,335,115,2,24.38
1045,336,19,1,7.13
1046,336,126,1,9.28
1047,337,43,3,33.59
1048,337,102,3,20.39
1049,337,73,3,6.92
1050,338,102,2,33.43
1051,339,128,2,7.5
1052,339,10,4,18.58
1053,339,29,2,4.7
1054,339,100,2,6.13
1055,339,18,2,17.23
1056,340,113,2,17.42
1057,340,11,2,27.71
1058,340,82,1,21.42
1059,341,88,3,32.54
1060,341,90,4,9.82
1061,342,101,4,8.32
1062,343,130,1,10.59
1063,343,50,3,24.23
1064,343,113,1,30.95
1065,344,63,3,21.04
1066,345,141,3,5.29
1067,345,17,4,19.82
1068,346,44,3,15.17
1069,347,27,2,3.69
1070,347,1,1,29.13
1071,348,31,2,27.51
1072,348,10,1,4.12
1073,348,122,4,12.4
1074,348,100,4,32.17
1075,348,61,4,22.8
1076,349,117,4,32.46
1077,349,40,4,20.4
1078,349,93,2,8.05
1079,350,100,3,31.28
1080,350,95,1,17.1
1081,351,37,1,17.99
1082,351,139,2,34.61
1083,351,33,3,10.06
1084,352,108,4,18.01
1085,352,116,4,33.5
1086,352,119,3,14.14
1087,352,103,2,26.28
1088,353,63,2,25.95
1089,353,146,2,33.36
1090,354,94,4,20.77
1091,354,105,3,23.79
1092,354,55,4,7.95
1093,354,28,4,12.96
1094,354,106,1,9.78
1095,355,142,2,24.28
1096,355,133,4,9.18
1097,355,114,1,25.36
1098,356,146,2,12.11
1099,356,145,2,23.7
1100,356,148,2,8.25
1101,356,82,4,11.24
1102,357,125,3,22.73
1103,357,136,1,24.8
1104,358,22,1,3.77
1105,359,85,1,13.37
1106,360,52,2,33.68
1107,360,79,1,14.93
1108,360,81,4,18.47
1109,361,75,3,6.7
1110,361,144,2,31.88
1111,362,42,4,7.23
1112,362,105,2,21.19
1113,363,72,2,34.25
1114,363,38,4,6.56
1115,363,11,2,31.23
1116,363,122,4,18.52
1117,364,93,4,21.92
1118,365,115,1,34.06
1119,365,146,3,31.4
1120,366,95,1,9.08
1121,367,77,4,32.38
1122,367,29,2,33.79
1123,367,83,3,25.91
1124,367,22,3,22.49
1125,367,127,1,23.09
1126,368,107,2,15.0
1127,368,65,2,19.67
1128,368,134,1,18.92
1129,368,43,1,23.96
1130,368,79,3,17.64
1131,369,87,1,12.09
1132,369,118,1,13.99
1133,369,9,2,30.97
1134,369,3,1,13.04
1135,370,121,4,15.73
1136,370,70,4,14.07
1137,371,109,4,25.78
1138,371,34,3,26.15
1139,371,142,2,18.9
1140,371,69,1,32.27
1141,371,22,3,30.64
1142,372,6,2,28.9
1143,373,63,1,9.08
1144,374,40,2,28.03
1145,375,3,1,26.7
1146,376,19,2,21.86
1147,376,118,3,28.26
1148,376,28,1,5.27
1149,377,52,1,9.35
1150,377,24,1,17.14
1151,378,54,1,26.08
1152,378,100,3,23.2
1153,379,122,2,25.81
1154,379,127,2,18.28
1155,380,16,4,9.33
1156,380,2,1,9.04
1157,380,51,3,8.03
1158,380,139,2,25.55
1159,380,20,2,9.39
1160,381,59,2,15.93
1161,381,76,4,19.46
1162,381,74,2,16.94
1163,382,62,1,24.13
1164,382,65,3,27.26
1165,382,17,1,5.48
1166,383,16,4,6.02
1167,383,115,1,34.28
1168,383,23,3,22.03
1169,384,17,3,26.41
1170,384,82,4,14.78
1171,384,123,3,19.24
1172,385,81,2,10.69
1173,385,44,1,25.26
1174,385,105,4,31.22
1175,385,84,4,18.1
1176,386,116,2,7.98
1177,386,99,4,33.41
1178,386,36,3,15.52
1179,386,39,4,15.02
1180,387,45,2,22.18
1181,387,48,2,6.49
1182,387,101,4,8.22
1183,387,87,2,4.18
1184,388,41,3,29.64
1185,388,141,3,10.67
1186,388,125,4,17.13
1187,388,41,4,34.03
1188,389,91,1,5.61
1189,390,123,3,7.96
1190,390,133,4,28.81
1191,390,107,4,3.91
1192,391,41,3,23.36
1193,391,110,1,22.37
1194,391,136,3,14.24
1195,392,33,3,21.31
1196,392,122,1,4.06
1197,392,95,4,11.25
1198,393,60,3,23.47
1199,393,122,3,20.98
1200,393,148,3,25.5
1201,394,83,2,25.81
1202,394,61,2,18.89
1203,395,5,3,19.6
1204,395,25,4,27.13
1205,395,83,1,20.17
1206,395,119,3,5.61
1207,396,50,3,25.93
1208,396,94,1,18.42
1209,396,58,1,13.81
1210,396,124,2,28.19
1211,397,125,3,22.55
1212,397,138,2,29.46
1213,397,49,1,12.81
1214,398,50,3,11.32
1215,399,109,1,12.89
1216,399,53,2,12.83
1217,399,8,4,5.98
1218,399,120,2,17.57
1219,400,143,2,22.21
1220,400,81,1,33.01
1221,400,117,3,9.73
1222,400,117,3,8.63
1223,401,83,1,7.4
1224,401,84,4,15.12
1225,402,97,1,23.31
1226,402,83,4,9.11
1227,402,9,3,13.71
1228,403,11,1,26.27
1229,403,34,4,5.51
1230,403,18,2,8.27
1231,403,134,2,33.11
1232,403,61,1,27.27
1233,404,87,1,16.5
1234,404,18,4,16.12
1235,404,16,4,23.72
1236,405,40,1,29.15
1237,405,115,2,7.13
1238,405,67,2,11.04
1239,405,143,1,5.15
1240,406,123,1,4.83
1241,406,60,2,33.56
1242,407,129,3,13.67
1243,407,102,1,19.57
1244,408,127,1,24.59
1245,408,107,1,4.76
1246,408,10,2,10.73
1247,409,2,3,25.61
1248,409,149,3,19.54
1249,409,43,4,10.2
1250,409,138,1,32.33
1251,410,73,3,21.02
1252,410,131,4,8.54
1253,410,52,3,14.04
1254,410,84,3,15.87
1255,410,74,4,4.41
1256,411,132,4,9.94
1257,411,29,1,15.7
1258,411,28,2,9.8
1259,411,146,3,29.74
1260,411,55,3,14.87
1261,412,59,3,10.33
1262,413,80,1,10.32
1263,414,86,2,19.24
1264,414,100,3,17.92
1265,415,43,4,18.63
1266,415,74,2,5.95
1267,415,28,1,30.36
1268,415,13,1,33.32
1269,416,78,4,15.51
1270,417,41,1,5.19
1271,417,56,2,34.08
1272,417,96,1,12.32
1273,417,6,3,27.77
1274,417,31,3,7.97
1275,418,53,1,32.46
1276,418,8,4,9.0
1277,418,29,1,26.33
1278,418,117,3,12.01
1279,419,123,1,26.54
1280,419,40,2,5.55
1281,419,97,1,4.67
1282,419,111,4,16.49
1283,419,4,1,24.18
1284,420,73,4,9.89
1285,420,69,1,24.64
1286,420,49,2,25.22
1287,421,12,4,21.11
1288,422,60,1,12.53
1289,422,23,3,17.87
1290,422,121,2,15.26
1291,422,96,2,13.6
1292,423,105,2,21.78
1293,423,96,4,34.48
1294,423,75,2,29.15
1295,424,139,4,14.85
1296,424,111,1,22.47
1297,424,36,3,32.63
1298,424,120,4,27.24
1299,425,11,3,19.45
1300,425,38,3,20.52
1301,426,147,2,34.28
1302,426,53,4,6.07
1303,427,29,1,19.87
1304,427,148,1,11.52
1305,427,141,2,26.8
1306,427,86,4,7.18
1307,428,141,4,19.98
1308,428,101,2,21.68
1309,428,105,1,10.61
1310,429,40,2,26.06
1311,429,130,1,19.1
1312,429,19,3,11.12
1313,429,104,3,29.49
1314,430,25,2,4.24
1315,430,8,3,7.31
1316,430,48,1,5.61
1317,430,116,1,16.79
1318,430,92,4,3.83
1319,431,77,3,15.71
1320,431,54,3,17.0
1321,431,123,1,24.89
1322,431,9,4,13.57
1323,431,8,3,25.57
1324,432,138,1,16.82
1325,432,90,4,34.83
1326,432,98,1,33.83
1327,432,23,4,11.44
1328,433,22,2,26.31
1329,434,117,4,27.1
1330,435,121,1,13.67
1331,435,142,4,10.32
1332,436,25,1,25.04
1333,436,8,4,5.68
1334,436,47,4,12.15
1335,436,145,4,28.74
1336,437,13,3,21.95
1337,437,133,4,8.98
1338,437,116,3,30.39
1339,437,11,3,22.44
1340,437,110,1,25.13
1341,438,51,4,18.82
1342,439,100,2,27.83
1343,440,78,2,10.54
1344,441,127,2,25.99
1345,441,30,1,8.68
1346,441,34,1,17.3
1347,441,94,4,4.15
1348,441,135,3,23.5
1349,442,108,4,4.56
1350,443,143,4,5.61
1351,443,23,3,31.15
1352,443,92,4,16.14
1353,443,63,2,7.31
1354,444,23,2,24.44
1355,444,115,3,21.06
1356,445,18,2,21.84
1357,445,30,1,10.82
1358,445,38,3,7.7
1359,445,101,1,15.21
1360,446,4,1,20.02
1361,446,69,1,13.06
1362,446,36,3,32.5
1363,446,123,2,9.44
1364,446,122,4,18.58
1365,447,45,4,20.92
1366,448,19,2,24.51
1367,448,131,2,30.63
1368,448,18,4,19.67
1369,448,19,2,11.28
1370,448,106,3,33.03
1371,449,105,1,27.2
1372,449,11,3,28.09
1373,449,8,2,24.66
1374,450,101,4,22.6
1375,450,58,2,18.6
1376,450,131,4,23.85
1377,451,62,3,19.16
1378,451,20,4,22.39
1379,452,17,1,25.69
1380,452,38,1,15.14
1381,452,101,3,18.13
1382,452,88,3,29.84
1383,453,84,3,30.44
1384,453,121,4,15.66
1385,453,144,2,18.28
1386,453,24,4,34.22
1387,453,137,1,11.43
1388,454,70,3,22.22
1389,454,59,3,32.69
1390,454,83,2,21.33
1391,455,79,2,29.51
1392,455,133,4,12.27
1393,455,109,2,27.7
1394,456,76,2,25.14
1395,456,93,3,9.94
1396,457,149,2,7.19
1397,457,75,2,9.98
1398,457,87,2,31.45
1399,457,128,3,11.24
1400,458,70,4,20.43
1401,458,38,3,22.59
1402,458,65,1,33.95
1403,458,141,4,3.6
1404,459,66,4,17.82
1405,459,141,3,19.6
1406,460,51,3,5.11
1407,460,110,4,22.25
1408,460,122,4,15.69
1409,460,31,2,9.2
1410,461,14,1,30.19
1411,461,72,1,20.78
1412,461,69,2,28.19
1413,462,53,1,31.58
1414,462,146,1,3.81
1415,462,87,3,12.45
1416,462,62,2,10.44
1417,463,147,3,32.73
1418,463,91,2,8.28
1419,463,142,3,27.51
1420,463,44,4,9.9
1421,463,5,2,6.37
1422,464,70,4,7.42
1423,464,64,4,10.46
1424,464,118,2,31.59
1425,464,57,3,6.88
1426,464,62,3,17.21
1427,465,99,4,10.22
1428,465,26,1,16.37
1429,465,114,4,8.24
1430,465,99,4,4.23
1431,465,70,2,31.28
1432,466,112,3,13.65
1433,466,128,4,29.9
1434,466,53,3,8.05
1435,466,20,4,8.8
1436,467,54,2,13.4
1437,467,104,3,11.34
1438,467,75,2,15.45
1439,467,121,1,25.12
1440,468,63,1,17.75
1441,468,6,4,21.51
1442,468,93,4,4.15
1443,468,112,4,32.14
1444,468,23,4,11.53
1445,469,69,3,32.22
1446,469,67,4,8.48
1447,470,150,2,30.15
1448,470,98,3,5.01
1449,471,24,2,6.41
1450,471,142,1,11.39
1451,472,66,4,8.19
1452,472,37,4,12.27
1453,472,48,2,16.4
1454,472,43,1,10.8
1455,472,24,1,21.54
1456,473,74,4,33.17
1457,473,43,2,4.04
1458,474,20,1,27.84
1459,474,69,2,20.32
1460,475,142,3,26.28
1461,475,40,2,11.24
1462,475,3,3,30.45
1463,475,70,1,19.28
1464,476,101,2,8.76
1465,477,40,2,11.12
1466,477,95,3,18.07
1467,477,117,2,25.87
1468,477,64,2,23.66
1469,478,18,4,7.78
1470,479,118,4,24.84
1471,479,102,4,31.5
1472,479,120,3,28.27
1473,480,104,3,19.99
1474,480,105,2,19.35
1475,480,128,2,28.85
1476,480,53,1,22.39
1477,480,95,3,7.14
1478,481,98,4,12.93
1479,481,7,3,18.85
1480,481,5,2,17.22
1481,481,38,4,30.75
1482,482,78,4,11.2
1483,482,5,2,31.97
1484,483,125,4,18.19
1485,483,120,3,31.3
1486,483,119,2,16.6
1487,484,63,2,31.76
1488,485,76,3,5.17
1489,486,99,4,5.96
1490,486,76,3,29.36
1491,486,142,4,4.78
1492,486,123,1,14.6
1493,487,80,2,3.85
1494,487,26,2,26.95
1495,488,70,1,4.28
1496,488,56,3,4.26
1497,488,104,3,28.65
1498,488,118,3,23.09
1499,488,73,3,5.1
1500,489,150,1,31.33
1501,489,125,4,27.55
1502,489,10,1,34.96
1503,489,40,4,13.9
1504,489,113,3,8.03
1505,490,24,4,12.19
1506,490,57,1,4.89
1507,491,35,2,16.68
1508,492,107,2,16.95
1509,492,146,3,34.7
1510,493,1,1,8.65
1511,493,10,3,26.41
1512,494,57,4,32.33
1513,495,127,1,6.02
1514,495,118,3,22.93
1515,496,121,3,21.68
1516,496,141,3,23.39
1517,496,84,2,24.53
1518,497,134,3,28.89
1519,497,63,2,29.17
1520,497,112,4,12.07
1521,497,131,3,19.21
1522,497,104,1,33.49
1523,498,66,1,29.46
1524,498,143,2,30.1
1525,498,57,2,18.13
1526,499,26,3,16.5
1527,499,103,4,21.35
1528,500,21,2,8.62
1529,500,124,1,27.91
1530,500,15,4,16.29
1531,501,40,4,18.4
1532,501,8,3,33.03
1533,501,31,3,10.92
1534,501,126,4,22.04
1535,502,111,2,12.52
1536,502,43,3,8.51
1537,502,84,4,30.38
1538,502,26,1,6.09
1539,503,39,4,19.02
1540,504,39,1,3.57
1541,505,9,2,12.68
1542,505,94,3,24.48
1543,506,11,2,31.63
1544,507,26,1,34.88
1545,507,22,1,22.85
1546,507,50,2,31.76
1547,508,28,3,22.19
1548,508,135,1,29.7
1549,508,73,2,5.55
1550,508,67,2,23.77
1551,509,25,4,22.6
1552,509,73,1,15.89
1553,509,87,2,25.39
1554,509,116,3,33.48
1555,509,79,3,24.08
1556,510,108,2,28.52
1557,510,80,3,10.13
1558,510,119,2,25.65
1559,510,10,1,5.35
1560,511,38,1,34.94
1561,512,39,1,12.4
1562,512,86,3,21.75
1563,513,112,4,7.36
1564,513,142,3,33.03
1565,513,54,4,24.17
1566,513,94,2,15.81
1567,514,17,1,4.49
1568,514,65,4,9.38
1569,514,128,4,24.24
1570,515,83,4,7.69
1571,515,84,4,24.24
1572,515,146,2,3.73
1573,515,43,3,16.6
1574,516,86,2,4.82
1575,516,36,2,19.65
1576,516,127,3,32.08
1577,516,47,4,4.71
1578,517,93,3,28.71
1579,518,87,1,6.79
1580,518,129,2,10.15
1581,518,86,3,20.22
1582,519,51,4,27.75
1583,519,11,4,33.87
1584,519,141,3,20.47
1585,519,117,1,12.46
1586,519,5,4,22.06
1587,520,122,4,32.77
1588,521,147,2,32.58
1589,521,58,4,11.84
1590,521,10,2,24.56
1591,521,149,3,15.94
1592,521,2,2,4.78
1593,522,62,4,3.57
1594,522,13,1,28.78
1595,522,71,4,4.01
1596,522,79,1,19.14
1597,523,55,3,28.06
1598,523,61,4,21.16
1599,523,85,2,20.67
1600,523,52,1,25.08
1601,523,21,3,23.88
1602,524,6,1,7.59
1603,524,67,2,24.21
1604,524,66,4,8.6
1605,524,110,2,26.47
1606,525,25,3,13.25
1607,525,139,1,5.9
1608,525,40,1,30.37
1609,526,62,1,28.03
1610,527,46,1,27.59
1611,527,87,1,19.26
1612,527,137,4,19.59
1613,528,72,1,14.72
1614,528,24,3,9.06
1615,528,49,3,26.35
1616,528,23,1,8.61
1617,529,42,2,18.58
1618,529,90,1,14.22
1619,529,100,4,6.76
1620,530,104,2,8.78
1621,530,124,1,34.25
1622,530,59,4,21.06
1623,530,118,4,13.65
1624,530,95,2,31.85
1625,531,116,2,3.62
1626,532,5,3,23.93
1627,532,107,1,34.04
1628,532,119,1,7.72
1629,533,134,1,22.18
1630,534,127,3,7.27
1631,534,9,3,11.25
1632,534,138,4,12.74
1633,534,28,1,33.08
1634,535,67,4,34.98
1635,535,72,3,30.27
1636,536,136,3,5.87
1637,537,77,4,4.22
1638,537,73,3,9.32
1639,537,24,2,32.84
1640,538,26,3,7.07
1641,538,68,3,13.53
1642,538,32,2,21.66
1643,538,150,1,10.79
1644,538,71,3,30.01
1645,539,139,1,29.06
1646,539,141,3,32.05
1647,539,77,1,31.7
1648,539,11,3,32.44
1649,539,108,1,24.22
1650,540,14,2,5.67
1651,540,2,1,31.58
1652,540,11,4,29.0
1653,541,139,1,11.82
1654,541,144,2,6.08
1655,541,44,2,23.93
1656,541,146,1,23.37
1657,542,121,2,26.46
1658,543,44,2,34.67
1659,543,2,3,21.67
1660,544,127,2,5.37
1661,544,55,4,9.56
1662,545,75,3,7.79
1663,545,106,3,11.98
1664,545,32,4,11.53
1665,545,128,1,34.3
1666,545,104,2,27.02
1667,546,148,2,29.16
1668,546,149,1,33.97
1669,547,34,1,10.77
1670,547,64,1,26.53
1671,548,35,2,12.21
1672,548,29,1,24.03
1673,548,29,1,16.52
1674,548,88,2,17.58
1675,549,32,3,13.74
1676,549,106,4,24.27
1677,550,114,2,30.52
1678,550,38,2,15.76
1679,550,49,2,18.93
1680,551,112,1,11.44
1681,551,111,4,8.5
1682,551,16,4,20.01
1683,552,106,1,31.26
1684,552,37,3,12.3
1685,553,4,4,28.25
1686,553,136,1,21.97
1687,553,90,3,23.79
1688,553,116,2,25.19
1689,554,123,4,11.99
1690,554,123,2,17.3
1691,554,35,1,28.1
1692,555,99,2,34.57
1693,555,142,2,6.96
1694,555,95,3,25.23
1695,555,70,3,27.01
1696,556,17,1,11.1
1697,557,65,2,27.37
1698,557,143,2,23.27
1699,557,136,1,8.2
1700,558,84,4,21.39
1701,559,124,2,9.4
1702,560,109,3,25.42
1703,560,70,2,23.31
1704,560,145,3,6.53
1705,561,51,2,13.73
1706,561,87,3,18.35
1707,561,62,3,19.03
1708,561,111,1,25.23
1709,562,145,2,10.79
1710,563,53,4,16.49
1711,564,27,4,26.13
1712,565,55,2,15.18
1713,565,10,3,3.87
1714,566,105,1,34.73
1715,566,116,2,6.44
1716,566,61,1,6.45
1717,566,65,2,4.89
1718,566,71,2,24.2
1719,567,126,2,28.57
1720,568,26,1,19.37
1721,568,59,3,3.5
1722,568,90,3,27.23
1723,569,43,1,26.78
1724,569,147,1,24.52
1725,569,50,2,29.4
1726,569,60,1,26.57
1727,569,51,2,9.73
1728,570,118,1,24.34
1729,570,58,2,4.49
1730,570,53,3,23.25
1731,571,111,2,25.17
1732,571,41,4,15.41
1733,571,44,3,4.61
1734,572,108,1,6.17
1735,572,41,2,5.81
1736,573,28,4,10.72
1737,573,43,3,25.98
1738,573,143,3,31.42
1739,573,41,2,33.54
1740,574,45,4,12.29
1741,574,67,2,32.68
1742,574,6,2,16.28
1743,574,97,4,32.71
1744,575,30,2,31.88
1745,575,59,1,21.14
1746,575,102,2,5.16
1747,575,47,2,28.67
1748,575,62,1,19.52
1749,576,140,1,11.11
1750,576,142,1,14.18
1751,576,138,1,11.68
1752,576,86,2,29.59
1753,576,12,4,18.95
1754,577,36,2,25.51
1755,577,23,2,23.18
1756,578,109,1,26.74
1757,579,118,2,24.96
1758,579,87,1,4.54
1759,579,3,1,27.92
1760,580,8,1,13.66
1761,581,21,1,25.17
1762,581,124,1,17.33
1763,581,138,3,5.3
1764,581,7,2,34.63
1765,581,81,4,24.67
1766,582,75,3,11.72
1767,582,22,2,22.41
1768,582,148,4,12.55
1769,582,134,1,8.24
1770,582,74,1,13.39
1771,583,11,4,18.22
1772,583,12,1,3.59
1773,583,67,2,15.4
1774,583,88,1,14.89
1775,584,71,2,16.26
1776,584,145,1,10.93
1777,584,39,3,19.62
1778,584,83,3,24.33
1779,584,94,3,29.38
1780,585,97,1,20.91
1781,585,11,4,5.17
1782,585,54,2,16.42
1783,585,143,4,22.97
1784,585,5,2,7.46
1785,586,69,1,32.74
1786,587,65,1,31.54
1787,587,136,1,11.74
1788,587,67,2,20.75
1789,587,122,4,31.23
1790,588,133,2,15.41
1791,588,49,1,16.09
1792,589,40,1,7.96
1793,589,103,3,26.37
1794,590,147,3,16.34
1795,590,41,1,11.15
1796,590,108,2,15.1
1797,590,136,4,10.24
1798,590,80,3,6.09
1799,591,100,3,33.28
1800,592,41,3,33.3
1801,592,96,3,30.79
1802,592,11,2,16.2
1803,592,59,3,14.21
1804,593,76,2,33.72
1805,593,6,1,18.3
1806,594,106,3,30.69
1807,594,132,1,27.82
1808,594,28,3,11.11
1809,595,133,2,29.66
1810,595,71,3,26.35
1811,595,35,4,22.72
1812,595,16,3,4.68
1813,595,15,3,11.02
1814,596,54,3,9.62
1815,596,135,3,21.99
1816,597,102,2,28.91
1817,598,24,1,25.91
1818,599,135,4,26.22
1819,599,32,1,22.6
1820,599,51,2,22.19
1821,599,51,4,10.33
1822,600,83,2,4.74
1823,600,105,1,26.29
1824,600,22,4,27.39
1825,600,84,4,6.5
1826,601,105,1,3.84
1827,601,48,2,29.34
1828,601,8,1,14.04
1829,601,107,1,20.82
1830,601,135,1,11.2
1831,602,86,4,23.56
1832,602,128,3,26.47
1833,602,31,4,32.38
1834,602,55,4,15.09
1835,603,35,1,5.9
1836,603,19,1,30.93
1837,603,148,3,6.93
1838,604,58,2,16.01
1839,604,123,3,29.9
1840,604,36,4,9.63
1841,605,56,2,5.82
1842,605,116,3,14.06
1843,606,20,1,11.54
1844,606,10,3,7.6
1845,606,138,4,33.13
1846,606,11,3,23.36
1847,607,61,4,32.97
1848,607,110,4,33.94
1849,607,12,1,7.17
1850,608,110,1,33.07
1851,608,50,1,19.89
1852,609,93,4,16.03
1853,609,23,1,15.67
1854,610,19,3,33.12
1855,610,55,1,33.51
1856,610,56,3,31.77
1857,610,92,1,29.25
1858,611,141,2,17.24
1859,611,28,4,23.23
1860,611,125,4,27.54
1861,611,37,2,34.49
1862,611,68,3,27.11
1863,612,30,2,13.08
1864,613,2,4,28.08
1865,613,88,3,10.98
1866,613,141,2,16.33
1867,613,55,2,23.82
1868,613,32,1,6.73
1869,614,116,1,22.58
1870,614,13,3,34.79
1871,614,149,1,28.8
1872,615,147,2,32.95
1873,615,116,3,21.86
1874,615,43,4,27.32
1875,616,108,4,30.89
1876,616,76,4,6.32
1877,616,134,3,8.07
1878,616,94,4,23.56
1879,616,146,2,8.13
1880,617,27,3,4.17
1881,617,129,3,21.44
1882,617,50,2,31.55
1883,617,28,2,29.93
1884,617,58,3,28.09
1885,618,104,1,16.35
1886,618,6,4,8.38
1887,618,31,4,27.56
1888,618,8,4,8.98
1889,619,80,2,19.88
1890,619,57,3,24.61
1891,620,93,2,31.8
1892,620,134,2,24.2
1893,620,144,1,29.83
1894,620,73,1,31.76
1895,620,105,1,34.42
1896,621,112,3,4.44
1897,621,38,4,22.1
1898,621,92,2,17.18
1899,621,69,1,28.18
1900,621,98,4,14.36
1901,622,56,1,21.2
1902,623,26,2,27.64
1903,623,136,3,21.5
1904,623,31,3,30.06
1905,623,69,4,20.56
1906,624,80,3,23.22
1907,624,11,1,29.72
1908,625,123,2,3.53
1909,625,132,4,22.41
1910,626,17,1,7.18
1911,626,100,2,5.86
1912,626,50,3,29.44
1913,626,7,1,33.28
1914,627,136,1,22.78
1915,627,72,1,12.73
1916,627,19,3,5.21
1917,627,105,2,30.68
1918,628,51,4,23.73
1919,628,37,1,26.49
1920,628,57,3,12.01
1921,628,127,4,17.44
1922,628,73,4,8.61
1923,629,36,4,27.53
1924,629,106,2,22.28
1925,629,89,1,21.0
1926,629,24,4,26.34
1927,630,99,1,34.43
1928,630,145,1,27.73
1929,630,68,1,16.01
1930,630,135,3,5.62
1931,631,51,2,17.8
1932,631,23,2,33.56
1933,632,92,2,9.88
1934,632,103,1,18.22
1935,632,21,4,3.84
1936,633,27,1,22.49
1937,633,1,4,7.05
1938,634,61,3,7.67
1939,634,127,3,15.34
1940,634,49,2,17.6
1941,634,140,3,13.17
1942,635,13,2,30.73
1943,635,83,1,7.94
1944,635,102,3,19.57
1945,635,25,4,12.17
1946,635,14,2,17.73
1947,636,27,4,18.32
1948,636,28,2,32.01
1949,636,128,2,32.33
1950,637,4,2,23.63
1951,638,138,2,6.72
1952,638,50,3,19.86
1953,638,108,2,21.53
1954,638,88,4,28.21
1955,639,113,2,27.37
1956,639,60,2,31.11
1957,639,132,2,20.62
1958,639,82,4,4.42
1959,639,59,4,33.73
1960,640,127,4,16.19
1961,641,117,4,25.55
1962,642,128,2,31.86
1963,642,133,2,30.59
1964,642,4,3,27.58
1965,642,97,2,6.16
1966,643,47,2,23.32
1967,643,84,2,6.21
1968,644,94,1,27.98
1969,644,139,4,33.02
1970,644,68,4,21.44
1971,644,19,2,5.79
1972,645,36,3,21.39
1973,645,117,1,21.06
1974,645,137,3,10.91
1975,645,139,3,28.18
1976,645,5,2,7.5
1977,646,85,1,33.47
1978,647,139,4,34.21
1979,647,65,3,23.92
1980,648,87,1,23.89
1981,648,73,3,17.73
1982,648,140,4,33.82
1983,649,113,1,14.74
1984,650,61,4,17.6
1985,650,123,2,20.49
1986,651,7,4,12.16
1987,651,20,1,26.16
1988,652,127,4,15.61
1989,652,39,4,19.43
1990,652,40,2,13.58
1991,652,148,2,19.06
1992,653,137,3,24.97
1993,654,103,2,24.99
1994,655,95,1,25.41
1995,655,8,3,27.3
1996,656,98,3,25.1
1997,656,146,1,4.46
1998,656,32,2,12.31
1999,656,139,2,28.02
2000,657,96,3,11.41
2001,657,135,4,18.01
2002,657,101,2,7.92
2003,658,76,2,23.61
2004,658,35,3,28.37
2005,658,57,2,20.7
2006,658,147,1,14.22
2007,658,43,3,6.01
2008,659,48,3,26.26
2009,659,124,2,32.29
2010,659,88,4,8.78
2011,660,44,4,33.3
2012,660,57,2,14.31
2013,660,95,1,10.54
2014,660,130,1,21.14
2015,660,101,3,15.02
2016,661,133,3,33.62
2017,661,144,3,3.99
2018,661,83,4,27.85
2019,661,74,3,10.56
2020,662,79,1,31.15
2021,662,132,1,32.68
2022,663,124,4,8.69
2023,664,134,3,21.83
2024,664,69,1,6.21
2025,665,54,4,13.19
2026,665,84,3,17.79
2027,665,84,3,9.87
2028,666,45,3,23.01
2029,666,55,4,18.49
2030,667,25,2,28.66
2031,667,115,3,4.94
2032,667,69,2,25.46
2033,667,28,3,33.44
2034,667,23,1,27.95
2035,668,117,4,22.9
2036,668,32,4,21.19
2037,669,34,4,3.71
2038,669,93,2,10.9
2039,669,132,3,16.17
2040,669,36,3,21.06
2041,669,110,4,5.34
2042,670,150,4,28.46
2043,670,116,4,12.31
2044,670,43,2,19.02
2045,671,131,3,34.47
2046,671,72,3,26.59
2047,671,109,3,28.59
2048,672,74,2,19.31
2049,672,78,1,33.98
2050,672,110,3,4.3
2051,673,11,1,8.41
2052,674,96,2,21.97
2053,674,60,1,33.69
2054,674,34,1,28.68
2055,675,18,2,3.68
2056,675,88,4,4.56
2057,675,53,4,21.0
2058,676,26,3,13.05
2059,676,134,4,15.65
2060,677,126,2,19.24
2061,677,57,4,17.64
2062,677,113,3,23.76
2063,677,39,1,7.59
2064,677,132,2,32.46
2065,678,54,1,20.06
2066,678,45,1,26.72
2067,678,49,1,7.48
2068,679,37,1,23.25
2069,679,24,1,15.38
2070,679,3,1,19.87
2071,679,107,3,18.92
2072,679,53,4,14.37
2073,680,43,4,16.23
2074,680,23,4,9.07
2075,680,47,3,18.62
2076,680,83,3,27.03
2077,680,93,3,18.74
2078,681,40,1,13.75
2079,681,24,4,15.55
2080,681,142,2,26.48
2081,681,101,1,20.81
2082,682,113,1,23.83
2083,682,45,1,17.9
2084,683,51,4,28.3
2085,683,56,2,33.64
2086,684,84,2,8.94
2087,685,146,2,26.84
2088,685,44,1,26.58
2089,685,84,1,23.67
2090,685,61,2,10.95
2091,685,43,3,24.08
2092,686,148,2,13.59
2093,686,79,3,16.66
2094,687,119,4,10.39
2095,687,101,3,11.28
2096,687,6,3,11.72
2097,687,65,4,22.75
2098,688,47,4,22.51
2099,689,113,1,9.38
2100,689,45,4,5.7
2101,689,15,3,11.26
2102,689,120,4,26.14
2103,689,55,4,25.8
2104,690,36,2,7.62
2105,690,8,1,7.74
2106,690,94,4,26.47
2107,691,141,2,8.96
2108,692,68,4,22.61
2109,693,133,4,14.5
2110,693,54,3,24.52
2111,693,92,2,10.96
2112,693,137,4,32.62
2113,694,52,1,12.26
2114,695,61,4,23.83
2115,695,147,3,6.95
2116,695,18,3,29.81
2117,696,54,1,4.22
2118,696,39,2,28.05
2119,697,90,1,6.41
2120,697,51,4,12.23
2121,697,131,2,5.29
2122,697,51,1,21.66
2123,697,121,1,10.13
2124,698,128,1,22.67
2125,698,30,2,16.03
2126,698,39,2,7.14
2127,698,41,1,30.8
2128,698,118,4,18.2
2129,699,14,1,22.58
2130,699,23,1,7.05
2131,700,27,2,32.27
2132,700,11,1,22.95
2133,700,9,4,7.78
2134,700,88,4,32.87
2135,701,55,1,12.75
2136,701,50,4,15.48
2137,702,138,1,24.3
2138,702,117,3,27.96
2139,703,39,3,9.05
2140,704,73,1,28.38
2141,705,135,2,32.54
2142,705,3,3,34.43
2143,705,39,3,15.33
2144,705,5,2,25.57
2145,706,90,4,29.95
2146,706,17,1,28.87
2147,706,55,3,7.54
2148,707,128,1,27.96
2149,707,59,4,7.24
2150,707,71,2,16.85
2151,707,92,3,20.5
2152,707,100,3,27.52
2153,708,55,1,11.67
2154,708,20,2,4.31
2155,709,14,4,7.38
2156,709,42,4,10.77
2157,709,127,3,5.4
2158,709,16,4,26.14
2159,710,111,4,30.65
2160,711,106,2,7.59
2161,712,136,1,14.29
2162,712,67,2,29.57
2163,712,2,2,25.59
2164,713,9,2,5.35
2165,713,5,3,32.1
2166,713,104,4,21.28
2167,714,95,4,31.63
2168,714,79,1,15.18
2169,714,90,3,12.48
2170,714,45,2,11.42
2171,715,36,3,18.04
2172,716,29,1,20.98
2173,717,132,1,4.72
2174,718,106,2,6.66
2175,719,71,1,18.9
2176,719,109,1,20.65
2177,719,133,1,29.09
2178,719,94,4,6.88
2179,720,8,1,34.19
2180,720,16,4,6.16
2181,720,131,1,16.37
2182,720,27,2,5.2
2183,720,59,3,6.01
2184,721,74,3,34.05
2185,722,126,3,9.78
2186,722,103,2,7.1
2187,722,51,1,4.05
2188,723,47,3,20.25
2189,723,136,3,17.57
2190,723,110,3,19.13
2191,723,53,1,21.18
2192,724,51,2,22.62
2193,724,41,4,32.54
2194,724,112,4,17.26
2195,725,21,3,21.93
2196,725,135,2,29.67
2197,726,5,1,5.31
2198,726,69,4,16.57
2199,726,26,3,33.9
2200,726,7,1,28.55
2201,727,115,4,24.5
2202,728,65,1,4.12
2203,729,150,2,20.63
2204,729,142,1,29.35
2205,729,145,3,21.59
2206,730,64,1,13.47
2207,730,45,1,11.55
2208,730,129,1,28.95
2209,731,128,4,28.17
2210,731,136,4,23.62
2211,731,17,2,18.09
2212,732,31,4,15.54
2213,732,143,3,6.71
2214,732,98,1,8.18
2215,732,125,3,33.51
2216,733,123,3,11.32
2217,733,45,3,17.26
2218,733,54,3,21.86
2219,733,30,4,28.92
2220,734,68,2,31.33
2221,735,7,2,18.22
2222,735,132,4,29.32
2223,736,44,1,6.3
2224,736,15,2,24.31
2225,736,8,3,6.49
2226,736,140,1,10.91
2227,736,147,4,31.88
2228,737,22,4,33.82
2229,738,129,3,32.73
2230,738,131,1,29.18
2231,738,19,4,31.67
2232,738,78,2,8.56
2233,738,31,4,33.32
2234,739,134,2,21.49
2235,739,113,3,17.29
2236,739,3,2,5.44
2237,740,67,1,16.69
2238,741,122,1,29.61
2239,741,47,2,15.48
2240,741,22,3,22.26
2241,742,22,2,19.59
2242,743,70,2,22.4
2243,743,109,2,18.1
2244,743,101,4,24.43
2245,743,13,3,4.86
2246,744,59,1,11.65
2247,744,23,4,7.04
2248,744,110,1,19.07
2249,745,64,2,18.86
2250,745,142,2,14.0
2251,745,97,3,6.87
2252,745,118,4,9.22
2253,745,12,4,25.61
2254,746,97,4,20.72
2255,746,68,4,4.31
2256,746,116,3,8.28
2257,747,3,2,21.17
2258,747,27,4,7.98
2259,747,92,2,29.5
2260,747,105,3,20.59
2261,748,1,2,11.88
2262,748,103,2,22.84
2263,749,36,3,15.95
2264,749,39,4,22.46
2265,749,18,4,4.19
2266,749,17,1,12.95
2267,750,29,2,14.77
2268,750,42,2,26.01
2269,751,60,2,18.47
2270,752,1,3,9.38
2271,752,64,1,32.43
2272,752,83,1,16.12
2273,752,6,2,14.85
2274,753,78,4,8.06
2275,753,32,1,17.01
2276,753,9,2,25.46
2277,754,8,4,16.17
2278,754,17,4,27.3
2279,754,124,1,27.83
2280,755,67,1,20.72
2281,755,1,4,18.04
2282,756,38,1,12.05
2283,756,114,3,16.53
2284,756,27,2,29.95
2285,756,48,4,23.24
2286,756,68,4,22.92
2287,757,64,4,25.44
2288,757,141,4,13.32
2289,757,130,4,21.37
2290,757,24,3,14.22
2291,757,67,3,28.81
2292,758,29,1,22.83
2293,759,47,1,30.11
2294,759,123,3,11.26
2295,759,98,1,14.56
2296,759,19,4,5.98
2297,759,16,2,29.72
2298,760,143,4,10.02
2299,760,81,2,16.44
2300,760,33,1,19.71
2301,760,67,3,15.23
2302,760,15,4,18.79
2303,761,7,3,28.92
2304,762,136,3,9.14
2305,762,76,4,34.96
2306,762,71,4,17.09
2307,763,13,3,28.36
2308,763,68,2,3.95
2309,763,80,3,16.84
2310,763,94,4,27.32
2311,764,138,1,21.49
2312,764,79,3,33.89
2313,764,50,1,16.89
2314,765,95,3,28.67
2315,765,98,2,30.41
2316,766,108,3,25.57
2317,766,14,1,15.99
2318,767,89,2,32.65
2319,767,3,4,8.55
2320,767,48,1,9.01
2321,768,47,4,16.99
2322,768,123,4,13.28
2323,768,35,3,22.82
2324,769,8,1,5.99
2325,769,72,1,6.41
2326,769,129,3,20.3
2327,769,133,4,34.79
2328,770,138,1,6.91
2329,771,133,4,18.66
2330,771,127,2,9.67
2331,771,21,2,21.7
2332,771,92,4,32.82
2333,771,4,3,17.55
2334,772,68,2,23.62
2335,772,109,1,8.14
2336,772,29,2,5.18
2337,772,136,3,10.71
2338,773,88,2,17.05
2339,773,99,1,18.03
2340,773,90,2,15.11
2341,773,68,2,13.26
2342,774,143,2,19.36
2343,775,93,3,4.99
2344,775,110,3,13.12
2345,775,95,3,24.04
2346,776,38,2,30.13
2347,776,20,1,7.91
2348,776,50,2,32.94
2349,777,74,4,24.99
2350,777,22,4,17.31
2351,777,102,2,11.15
2352,777,76,2,18.91
2353,778,50,4,25.08
2354,779,122,3,26.0
2355,780,16,1,22.61
2356,780,100,2,29.54
2357,780,66,3,26.01
2358,780,50,1,15.68
2359,780,59,3,26.15
2360,781,38,3,23.16
2361,781,59,3,30.2
2362,781,79,1,4.63
2363,781,27,1,26.03
2364,781,102,4,18.44
2365,782,132,1,30.04
2366,782,89,2,12.28
2367,782,66,3,11.74
2368,783,14,2,29.31
2369,783,93,1,18.47
2370,783,56,4,25.69
2371,783,142,1,3.99
2372,784,62,1,8.13
2373,784,117,3,31.04
2374,784,99,4,34.63
2375,785,132,2,31.37
2376,785,16,3,34.79
2377,785,81,4,21.73
2378,785,35,4,6.8
2379,785,116,2,11.49
2380,786,10,1,30.65
2381,786,139,4,25.88
2382,787,69,2,31.99
2383,787,143,2,22.16
2384,788,134,2,11.01
2385,788,27,2,34.24
2386,789,128,1,15.84
2387,789,41,2,34.48
2388,789,133,1,25.92
2389,789,143,2,8.79
2390,789,32,1,29.21
2391,790,48,2,9.04
2392,791,5,1,25.29
2393,792,119,4,15.45
2394,792,12,1,19.5
2395,792,143,4,26.02
2396,792,32,1,20.75
2397,793,49,3,15.59
2398,793,24,3,5.44
2399,793,61,3,32.75
2400,794,22,1,28.26
2401,794,71,4,28.17
2402,795,36,2,13.42
2403,795,105,3,29.71
2404,795,26,1,3.61
2405,795,5,4,29.81
2406,795,104,2,3.61
2407,796,85,4,17.28
2408,796,20,3,4.12
2409,796,12,4,17.13
2410,797,109,3,6.4
2411,797,4,4,32.36
2412,797,77,1,25.83
2413,797,58,3,3.55
2414,798,139,3,6.67
2415,798,69,4,4.82
2416,798,4,3,27.85
2417,798,50,4,16.72
2418,799,76,2,15.4
2419,799,146,4,8.52
2420,800,118,1,20.13
2421,800,139,4,21.08
2422,800,134,1,18.38
2423,800,125,1,14.97
2424,800,95,4,9.19
2425,801,20,4,31.75
2426,801,6,2,7.48
2427,801,23,2,17.1
2428,801,92,4,30.25
2429,802,148,2,15.47
2430,802,78,1,20.93
2431,802,2,3,32.94
2432,802,19,4,14.88
2433,802,131,3,34.1
2434,803,118,4,17.89
2435,804,36,4,12.85
2436,805,48,1,6.54
2437,805,142,2,12.33
2438,805,104,2,17.23
2439,805,46,2,7.94
2440,805,123,3,19.64
2441,806,116,1,29.05
2442,807,94,3,32.36
2443,807,27,3,24.95
2444,807,96,4,29.75
2445,808,82,4,28.05
2446,809,1,2,7.48
2447,809,94,4,29.66
2448,810,5,1,5.5
2449,810,103,2,32.65
2450,810,88,4,12.17
2451,810,14,4,8.91
2452,810,35,3,30.2
2453,811,46,2,32.47
2454,811,84,3,3.66
2455,811,23,4,19.89
2456,811,133,2,8.57
2457,812,116,2,6.34
2458,812,108,1,15.77
2459,812,139,3,3.7
2460,813,16,3,33.2
2461,814,24,1,21.59
2462,815,46,4,31.41
2463,816,23,3,9.36
2464,817,12,3,10.66
2465,818,14,2,9.79
2466,818,9,4,5.73
2467,818,111,3,24.94
2468,818,2,4,11.58
2469,819,130,3,21.2
2470,820,76,2,29.04
2471,820,37,4,16.52
2472,820,143,2,30.75
2473,821,89,2,22.25
2474,821,72,4,27.63
2475,821,106,1,33.72
2476,821,132,2,34.29
2477,822,80,1,10.22
2478,822,19,1,11.62
2479,823,40,3,27.9
2480,824,104,2,25.06
2481,824,18,4,31.61
2482,824,55,3,17.29
2483,824,135,2,14.13
2484,824,39,4,20.19
2485,825,70,4,4.73
2486,825,110,4,9.6
2487,825,141,2,34.68
2488,825,65,3,32.82
2489,826,50,3,33.98
2490,826,82,2,15.55
2491,826,77,4,32.32
2492,826,139,1,13.92
2493,826,14,4,29.21
2494,827,13,4,14.84
2495,827,86,3,6.02
2496,827,102,2,9.99
2497,828,3,1,20.54
2498,828,86,3,6.87
2499,829,80,1,24.48
2500,829,27,2,6.64
2501,829,22,1,18.08
2502,829,130,4,6.48
2503,830,37,3,28.87
2504,831,100,1,25.13
2505,831,46,2,23.47
2506,831,104,3,32.46
2507,831,81,3,25.51
2508,832,46,1,31.63
2509,833,47,4,31.89
2510,833,145,3,30.97
2511,834,3,2,30.59
2512,835,21,3,7.0
2513,836,47,3,33.95
2514,836,67,4,23.46
2515,837,87,1,17.3
2516,837,12,4,6.65
2517,837,114,2,30.1
2518,837,119,1,32.82
2519,837,94,1,32.27
2520,838,13,1,34.45
2521,839,56,3,27.85
2522,839,4,2,25.24
2523,839,149,1,3.59
2524,840,33,1,31.17
2525,840,110,1,19.45
2526,840,73,1,5.77
2527,841,25,2,34.7
2528,841,87,2,33.74
2529,841,92,3,27.44
2530,842,96,3,8.11
2531,842,93,4,5.73
2532,843,105,4,21.44
2533,844,4,1,16.03
2534,844,110,1,5.82
2535,844,100,4,18.54
2536,844,12,2,34.88
2537,844,129,3,25.37
2538,845,56,2,21.46
2539,845,74,3,21.8
2540,846,58,1,3.59
2541,846,126,4,15.37
2542,846,41,3,13.83
2543,847,42,3,29.6
2544,847,19,4,10.19
2545,848,81,3,7.6
2546,848,101,2,12.5
2547,848,118,3,9.29
2548,848,16,2,24.34
2549,849,39,2,28.36
2550,849,79,3,30.46
2551,849,18,1,26.72
2552,849,9,1,23.76
2553,849,108,1,14.72
2554,850,139,4,19.58
2555,851,4,2,31.42
2556,851,30,1,15.6
2557,852,57,2,22.91
2558,852,2,3,31.74
2559,852,86,4,14.02
2560,852,145,4,13.68
2561,853,48,1,8.89
2562,853,109,3,8.78
2563,853,12,2,33.53
2564,853,62,4,24.64
2565,853,46,1,31.37
2566,854,118,3,14.64
2567,854,48,1,11.56
2568,855,7,2,3.53
2569,855,114,1,6.36
2570,855,89,2,10.61
2571,855,141,1,9.2
2572,856,44,1,23.88
2573,856,44,1,14.61
2574,856,135,1,19.95
2575,856,126,1,25.12
2576,857,25,4,6.85
2577,857,29,4,10.16
2578,857,96,3,20.83
2579,857,21,3,21.42
2580,857,119,4,8.78
2581,858,98,1,25.83
2582,859,61,4,20.35
2583,859,56,1,20.75
2584,859,97,2,19.52
2585,860,123,2,28.82
2586,860,71,3,33.79
2587,860,80,1,24.21
2588,860,132,2,8.8
2589,860,123,2,3.54
2590,861,142,2,22.87
2591,861,138,2,23.2
2592,862,35,2,5.36
2593,862,23,3,12.28
2594,863,55,2,32.62
2595,863,135,1,5.58
2596,863,93,2,25.58
2597,864,4,2,4.64
2598,864,54,1,12.23
2599,865,57,2,7.61
2600,865,113,4,14.81
2601,866,27,2,15.25
2602,866,50,1,31.8
2603,867,129,1,16.66
2604,867,13,4,11.48
2605,868,1,1,14.35
2606,868,60,4,17.89
2607,869,102,1,22.75
2608,869,58,2,27.69
2609,869,6,2,34.71
2610,870,107,1,18.29
2611,871,11,2,21.83
2612,871,136,2,7.26
2613,871,8,3,11.31
2614,871,139,3,5.61
2615,872,101,2,8.25
2616,872,21,2,33.07
2617,872,108,4,3.94
2618,872,15,3,16.28
2619,873,107,4,18.01
2620,873,11,4,10.87
2621,873,101,2,6.15
2622,874,101,3,14.89
2623,874,78,3,28.03
2624,874,66,3,24.16
2625,874,113,4,15.83
2626,874,51,3,22.55
2627,875,58,4,14.33
2628,875,78,4,8.77
2629,876,34,2,15.64
2630,876,112,1,6.29
2631,877,66,2,28.25
2632,877,36,3,33.14
2633,878,83,3,24.72
2634,878,26,1,20.31
2635,878,127,1,26.81
2636,878,105,2,23.64
2637,878,80,1,24.23
2638,879,98,3,10.45
2639,879,144,3,28.86
2640,879,35,3,33.34
2641,879,48,3,24.5
2642,879,94,2,10.58
2643,880,52,1,28.98
2644,880,62,1,5.98
2645,880,94,4,16.28
2646,881,69,3,30.7
2647,881,100,3,19.23
2648,881,117,4,21.99
2649,882,86,2,14.86
2650,882,62,4,15.18
2651,882,121,3,15.88
2652,883,129,4,33.81
2653,883,17,4,10.07
2654,883,72,2,5.99
2655,883,88,3,15.15
2656,883,138,1,21.54
2657,884,79,1,29.17
2658,884,48,4,22.27
2659,884,83,3,21.64
2660,884,102,3,30.09
2661,884,47,1,30.38
2662,885,4,4,30.91
2663,885,71,2,11.05
2664,886,31,3,9.22
2665,886,32,3,5.16
2666,886,68,2,11.31
2667,886,41,4,29.22
2668,886,78,3,31.41
2669,887,15,4,21.35
2670,887,57,4,10.62
2671,888,8,1,19.11
2672,889,92,2,7.98
2673,889,31,1,15.1
2674,889,141,4,6.41
2675,889,143,3,13.53
2676,889,54,3,29.19
2677,890,46,4,31.51
2678,890,130,4,11.68
2679,890,128,1,7.04
2680,891,42,1,25.28
2681,891,106,3,31.07
2682,892,57,4,18.08
2683,892,34,4,16.11
2684,893,105,2,9.64
2685,893,1,1,12.28
2686,893,16,1,32.64
2687,894,40,4,32.87
2688,894,17,1,32.72
2689,894,95,3,23.95
2690,895,10,1,32.5
2691,896,46,2,5.57
2692,896,48,3,18.09
2693,896,50,1,16.9
2694,896,78,2,33.98
2695,897,56,4,20.17
2696,898,127,2,32.12
2697,899,32,2,15.41
2698,899,89,3,25.84
2699,900,101,2,32.05
2700,900,7,2,21.63
2701,900,125,2,14.34
2702,900,96,3,29.56
2703,900,55,2,8.17
2704,901,114,2,25.53
2705,901,49,2,3.54
2706,902,122,2,28.13
2707,902,58,2,10.64
2708,902,110,1,19.48
2709,903,121,4,6.39
2710,904,142,4,4.94
2711,905,100,4,28.32
2712,905,31,2,29.64
2713,906,98,1,6.61
2714,906,126,1,8.41
2715,907,91,2,31.63
2716,908,144,2,25.74
2717,908,127,4,32.58
2718,908,68,3,28.05
2719,908,123,2,13.72
2720,908,68,2,8.07
2721,909,40,2,33.5
2722,909,131,1,23.49
2723,910,75,3,34.91
2724,910,89,2,26.1
2725,910,48,2,26.63
2726,910,91,4,5.3
2727,910,47,3,10.15
2728,911,100,2,29.74
2729,912,63,1,30.44
2730,912,30,1,12.05
2731,912,126,3,6.79
2732,912,61,1,18.8
2733,913,59,3,27.82
2734,913,144,3,8.18
2735,913,19,2,27.91
2736,914,103,1,19.52
2737,914,74,4,10.72
2738,915,94,4,5.49
2739,915,71,4,4.92
2740,915,82,3,21.41
2741,915,45,1,15.1
2742,916,69,1,5.94
2743,916,88,3,16.99
2744,916,5,1,21.65
2745,916,97,2,22.11
2746,917,141,4,14.77
2747,917,48,1,18.53
2748,917,1,2,4.07
2749,917,44,4,34.26
2750,918,19,4,6.53
2751,919,39,3,5.81
2752,920,147,2,27.18
2753,920,111,4,18.08
2754,921,117,4,4.64
2755,921,134,4,10.29
2756,921,43,4,18.95
2757,921,124,2,6.02
2758,921,48,2,17.29
2759,922,8,4,33.71
2760,922,148,4,23.94
2761,922,108,3,10.97
2762,922,54,3,9.89
2763,923,24,4,13.86
2764,923,49,1,33.55
2765,923,149,3,9.22
2766,923,32,2,4.94
2767,923,31,1,14.59
2768,924,90,4,28.94
2769,925,73,4,28.69
2770,925,73,4,3.72
2771,925,13,1,7.92
2772,926,119,4,13.14
2773,926,140,4,19.14
2774,926,77,4,22.18
2775,926,80,1,16.72
2776,926,52,4,31.55
2777,927,9,3,30.52
2778,927,9,1,16.31
2779,927,91,3,25.52
2780,927,121,2,4.69
2781,928,70,4,22.92
2782,928,119,4,5.99
2783,928,145,3,7.83
2784,928,98,2,13.61
2785,929,95,4,26.15
2786,930,95,3,6.97
2787,930,136,2,18.07
2788,931,110,3,10.9
2789,931,21,3,22.84
2790,932,144,3,22.77
2791,932,90,3,16.54
2792,932,112,2,12.9
2793,932,85,3,31.05
2794,932,75,2,13.18
2795,933,19,3,22.78
2796,933,102,2,27.22
2797,933,63,3,12.19
2798,934,73,2,21.61
2799,934,70,4,11.81
2800,934,135,2,8.1
2801,934,13,3,19.27
2802,935,123,2,34.63
2803,935,137,3,6.64
2804,936,27,1,34.93
2805,936,147,4,7.57
2806,937,30,4,27.49
2807,937,123,3,12.99
2808,938,90,2,12.54
2809,938,106,3,14.11
2810,938,150,2,30.56
2811,938,33,1,11.2
2812,938,11,3,12.26
2813,939,78,4,32.76
2814,939,38,2,21.35
2815,939,8,2,31.76
2816,939,92,1,7.8
2817,940,53,4,14.0
2818,941,92,4,9.49
2819,941,150,3,23.28
2820,941,121,1,20.99
2821,941,111,1,32.56
2822,942,56,1,11.72
2823,942,93,3,9.46
2824,942,84,4,15.72
2825,942,22,1,10.52
2826,942,139,3,5.01
2827,943,76,2,9.5
2828,943,105,2,32.88
2829,944,9,2,9.64
2830,944,118,3,9.27
2831,945,54,1,4.09
2832,945,60,4,26.0
2833,945,107,4,28.12
2834,945,139,1,4.53
2835,946,37,3,15.52
2836,946,150,1,8.32
2837,946,23,4,17.3
2838,947,17,4,11.8
2839,947,10,3,10.05
2840,947,82,1,8.39
2841,948,94,1,8.65
2842,948,144,3,16.8
2843,948,87,2,17.63
2844,948,87,2,9.77
2845,948,35,2,23.14
2846,949,3,2,4.01
2847,949,85,4,21.57
2848,950,56,2,31.15
2849,951,6,2,9.71
2850,951,105,4,17.39
2851,952,110,4,15.0
2852,953,113,4,7.97
2853,954,89,3,11.35
2854,954,15,2,12.26
2855,954,95,2,5.27
2856,954,45,2,26.64
2857,955,67,4,8.87
2858,955,8,2,12.03
2859,955,34,1,7.5
2860,955,76,4,5.65
2861,955,149,1,6.36
2862,956,42,2,12.72
2863,956,96,1,17.34
2864,957,67,4,26.48
2865,957,27,4,23.73
2866,957,127,3,29.48
2867,957,106,1,23.1
2868,958,47,3,5.08
2869,958,93,2,20.41
2870,958,113,2,28.34
2871,958,121,2,14.19
2872,958,17,2,8.4
2873,959,11,3,15.64
2874,959,137,3,25.95
2875,959,130,2,33.34
2876,959,125,2,23.26
2877,959,116,1,28.52
2878,960,34,1,6.21
2879,961,31,4,33.93
2880,962,61,3,34.45
2881,963,107,1,24.59
2882,963,19,4,30.43
2883,963,125,3,25.35
2884,963,58,2,14.6
2885,963,65,3,9.11
2886,964,29,4,6.71
2887,964,45,2,32.02
2888,964,100,3,11.37
2889,965,117,2,8.65
2890,965,93,3,8.21
2891,965,29,4,9.05
2892,965,83,3,22.12
2893,965,98,2,32.13
2894,966,139,2,9.87
2895,967,76,3,17.45
2896,967,5,3,19.32
2897,967,133,4,19.52
2898,968,85,1,12.04
2899,968,6,2,3.83
2900,968,96,4,27.63
2901,968,90,1,22.78
2902,968,81,2,28.32
2903,969,128,3,23.15
2904,969,47,4,16.95
2905,969,54,2,33.35
2906,969,82,4,10.84
2907,970,116,4,18.44
2908,970,44,2,32.23
2909,971,40,1,16.68
2910,971,103,3,20.6
2911,971,37,2,4.37
2912,971,95,2,8.25
2913,971,74,1,5.75
2914,972,56,1,8.28
2915,972,82,3,27.36
2916,972,149,4,10.83
2917,972,63,4,24.55
2918,973,105,2,29.54
2919,973,76,2,4.85
2920,974,20,3,24.39
2921,974,132,1,23.86
2922,974,142,3,6.56
2923,974,53,1,10.53
2924,975,11,1,12.09
2925,975,137,2,25.69
2926,975,41,1,29.3
2927,975,22,2,30.29
2928,975,25,2,28.14
2929,976,76,1,25.9
2930,976,138,2,30.9
2931,976,140,4,20.38
2932,977,77,1,6.78
2933,977,150,1,20.22
2934,977,68,1,15.77
2935,977,79,2,29.87
2936,978,11,4,9.1
2937,979,128,4,23.61
2938,979,123,2,29.71
2939,979,134,3,27.94
2940,979,100,4,12.38
2941,979,103,3,27.91
2942,980,112,2,10.36
2943,981,29,2,26.02
2944,981,112,2,9.14
2945,982,47,1,13.13
2946,982,17,1,12.46
2947,983,65,2,28.57
2948,983,29,3,26.58
2949,983,131,1,6.34
2950,983,115,2,29.5
2951,983,105,3,21.62
2952,984,25,2,19.68
2953,984,51,1,26.66
2954,984,6,1,10.41
2955,984,111,4,16.41
2956,984,44,1,5.47
2957,985,51,2,20.49
2958,985,50,4,9.44
2959,985,25,1,13.64
2960,986,84,2,12.01
2961,987,61,1,32.96
2962,987,142,2,32.63
2963,987,44,1,5.38
2964,987,102,4,8.67
2965,987,118,4,32.91
2966,988,46,2,31.28
2967,988,129,4,24.71
2968,989,55,4,16.34
2969,989,22,3,23.5
2970,990,104,2,16.03
2971,990,27,2,17.17
2972,990,79,1,3.53
2973,990,20,2,8.38
2974,990,130,2,9.84
2975,991,40,1,24.7
2976,991,131,2,14.5
2977,992,119,1,20.14
2978,992,84,1,16.29
2979,993,127,4,6.49
2980,993,12,4,27.3
2981,993,95,2,3.7
2982,993,138,1,30.47
2983,994,64,1,23.07
2984,994,120,4,33.63
2985,994,30,4,32.42
2986,995,91,4,21.76
2987,996,64,3,14.52
2988,996,128,2,26.63
2989,996,5,2,25.6
2990,996,97,3,25.42
2991,996,103,4,27.56
2992,997,91,1,7.86
2993,997,115,2,13.2
2994,997,130,2,14.32
2995,997,58,3,24.64
2996,997,3,4,26.75
2997,998,149,1,17.52
2998,998,122,2,27.59
2999,999,109,3,5.48
3000,999,113,4,18.76
3001,999,144,1,20.93
3002,999,118,3,25.11
3003,1000,66,3,25.1
3004,1000,147,3,16.28
3005,1000,20,2,28.79
3006,1000,130,3,7.05
3007,1001,63,3,29.93
3008,1001,133,3,10.0
3009,1001,149,1,34.91
3010,1001,75,1,11.85
3011,1002,3,2,24.38
3012,1002,132,4,31.09
3013,1002,84,2,7.23
3014,1003,42,4,7.9
3015,1004,11,4,16.11
3016,1004,142,1,4.07
3017,1004,140,2,12.02
3018,1004,65,3,19.88
3019,1005,1,2,31.06
3020,1005,11,3,18.7
3021,1006,142,2,22.99
3022,1006,122,3,29.75
3023,1006,28,3,16.6
3024,1006,61,1,8.21
3025,1006,115,3,32.33
3026,1007,1,2,4.95
3027,1008,100,4,6.71
3028,1008,92,2,4.04
3029,1008,92,4,12.72
3030,1009,67,2,29.5
3031,1009,139,3,17.11
3032,1009,146,1,19.33
3033,1009,123,1,24.09
3034,1009,136,4,8.6
3035,1010,8,1,23.38
3036,1011,110,3,31.49
3037,1011,32,1,10.77
3038,1012,78,3,7.64
3039,1012,12,4,18.74
3040,1012,88,4,21.1
3041,1013,96,2,12.98
3042,1013,10,4,7.97
3043,1013,33,1,13.69
3044,1013,89,4,30.98
3045,1014,81,4,27.7
3046,1014,48,2,7.43
3047,1015,85,2,10.29
3048,1016,113,1,11.65
3049,1016,79,4,31.87
3050,1016,78,3,25.07
3051,1017,96,2,22.42
3052,1017,84,2,6.54
3053,1017,60,2,13.35
3054,1018,21,2,12.56
3055,1018,90,2,6.7
3056,1018,15,1,26.84
3057,1018,101,2,24.24
3058,1019,18,4,10.96
3059,1020,119,4,8.45
3060,1020,70,2,22.95
3061,1021,83,3,20.96
3062,1021,44,2,21.91
3063,1021,79,2,24.96
3064,1021,89,2,25.95
3065,1021,81,1,16.29
3066,1022,84,4,15.1
3067,1022,22,4,5.6
3068,1022,87,1,20.17
3069,1022,13,3,13.22
3070,1022,24,3,17.62
3071,1023,69,4,10.76
3072,1023,94,2,14.73
3073,1023,37,3,17.31
3074,1024,76,1,29.75
3075,1024,119,1,14.73
3076,1024,77,4,9.78
3077,1024,75,2,4.65
3078,1024,60,4,19.58
3079,1025,57,2,7.43
3080,1026,108,1,31.03
3081,1026,18,2,11.05
3082,1027,47,4,32.99
3083,1027,132,4,19.44
3084,1027,45,1,14.61
3085,1027,45,4,20.61
3086,1027,51,1,12.49
3087,1028,112,2,13.45
3088,1028,17,3,9.22
3089,1028,114,3,16.37
3090,1028,55,3,26.46
3091,1028,124,1,6.7
3092,1029,28,3,16.88
3093,1029,123,2,12.71
3094,1029,98,4,6.26
3095,1029,123,4,26.88
3096,1029,42,4,22.05
3097,1030,80,2,10.11
3098,1031,35,3,31.49
3099,1031,111,3,34.11
3100,1031,88,1,22.7
3101,1031,148,1,25.22
3102,1032,13,3,18.61
3103,1033,5,2,29.73
3104,1033,88,2,6.5
3105,1033,22,4,24.4
3106,1033,75,3,8.86
3107,1033,76,4,12.22
3108,1034,133,3,23.01
3109,1034,118,3,17.3
3110,1034,144,3,29.45
3111,1034,126,3,23.51
3112,1034,147,3,27.26
3113,1035,133,1,30.04
3114,1035,14,2,8.02
3115,1036,150,4,26.53
3116,1036,19,2,12.93
3117,1036,139,2,23.64
3118,1036,116,1,18.06
3119,1037,149,3,32.35
3120,1037,68,3,29.04
3121,1037,69,2,16.9
3122,1038,134,4,34.43
3123,1038,27,1,9.24
3124,1039,8,2,20.14
3125,1039,88,4,30.24
3126,1040,21,2,22.71
3127,1041,138,1,12.17
3128,1041,87,1,31.46
3129,1041,6,2,29.75
3130,1041,114,4,21.68
3131,1042,81,2,21.15
3132,1042,109,4,21.93
3133,1042,57,3,6.32
3134,1043,130,1,27.27
3135,1043,119,1,27.72
3136,1043,82,2,7.49
3137,1044,6,1,7.34
3138,1044,62,1,3.83
3139,1044,137,2,30.36
3140,1044,122,3,7.73
3141,1045,90,1,11.17
3142,1045,110,1,21.58
3143,1045,136,3,29.53
3144,1046,129,1,4.85
3145,1047,16,2,12.93
3146,1047,119,2,16.11
3147,1047,88,4,9.98
3148,1048,36,4,5.98
3149,1048,90,4,21.4
3150,1048,54,3,11.12
3151,1048,16,1,23.24
3152,1049,83,4,6.35
3153,1049,75,4,24.47
3154,1049,23,3,30.61
3155,1049,97,2,21.92
3156,1049,146,2,14.75
3157,1050,26,4,12.64
3158,1051,11,2,29.91
3159,1051,62,4,18.81
3160,1051,117,1,30.44
3161,1051,140,4,34.9
3162,1052,105,1,14.31
3163,1052,64,3,9.08
3164,1052,22,4,28.93
3165,1052,66,1,29.24
3166,1053,20,1,31.64
3167,1053,119,3,23.49
3168,1053,53,3,20.37
3169,1053,77,4,29.59
3170,1054,96,1,4.68
3171,1055,140,1,7.76
3172,1055,55,1,11.82
3173,1055,125,4,10.07
3174,1055,35,1,11.79
3175,1055,67,3,17.78
3176,1056,149,2,22.15
3177,1056,55,1,21.62
3178,1056,148,1,16.68
3179,1056,103,3,25.4
3180,1056,1,2,8.95
3181,1057,72,4,27.61
3182,1057,82,3,7.02
3183,1057,61,3,20.44
3184,1057,117,2,30.14
3185,1057,32,4,11.88
3186,1058,6,4,28.89
3187,1058,144,1,28.35
3188,1059,70,1,9.9
3189,1059,54,1,19.48
3190,1059,53,4,17.46
3191,1059,92,2,26.57
3192,1060,104,3,27.47
3193,1060,116,1,29.63
3194,1061,60,1,22.56
3195,1062,29,3,9.58
3196,1062,108,1,9.37
3197,1062,33,4,7.7
3198,1062,68,2,34.05
3199,1062,68,1,24.14
3200,1063,60,1,22.75
3201,1063,92,4,18.05
3202,1064,69,3,5.59
3203,1065,127,3,6.64
3204,1066,41,3,15.19
3205,1066,62,1,5.37
3206,1067,80,1,33.57
3207,1067,37,2,27.15
3208,1067,140,4,4.39
3209,1067,143,4,8.26
3210,1068,66,4,9.95
3211,1068,46,3,5.96
3212,1068,127,3,28.49
3213,1068,48,3,3.94
3214,1069,45,4,6.64
3215,1069,137,1,4.62
3216,1070,98,4,6.63
3217,1070,98,2,5.08
3218,1070,4,2,20.7
3219,1071,44,1,32.93
3220,1071,39,1,4.5
3221,1071,86,2,15.81
3222,1071,107,2,5.71
3223,1072,51,4,33.69
3224,1072,150,1,3.81
3225,1072,120,4,22.55
3226,1073,16,1,19.09
3227,1074,86,1,4.32
3228,1074,119,2,22.88
3229,1075,49,1,24.11
3230,1076,42,1,6.94
3231,1076,139,4,21.34
3232,1077,121,1,24.14
3233,1077,127,2,9.35
3234,1077,7,3,13.46
3235,1077,72,4,28.46
3236,1077,127,1,21.44
3237,1078,18,4,29.78
3238,1078,117,3,13.15
3239,1078,105,1,34.47
3240,1078,38,2,27.43
3241,1078,76,2,9.29
3242,1079,24,4,3.98
3243,1079,88,2,10.26
3244,1080,70,1,7.97
3245,1080,5,3,13.11
3246,1080,115,4,31.32
3247,1080,97,1,10.06
3248,1080,47,4,23.71
3249,1081,81,1,10.58
3250,1081,34,4,16.38
3251,1081,120,3,26.19
3252,1082,35,3,33.36
3253,1083,150,3,7.03
3254,1083,10,2,6.83
3255,1083,148,1,13.57
3256,1084,149,1,8.88
3257,1084,111,4,34.79
3258,1084,74,4,11.54
3259,1084,143,4,28.42
3260,1084,132,4,7.5
3261,1085,98,1,32.1
3262,1085,129,3,13.33
3263,1085,67,1,19.6
3264,1085,60,4,29.36
3265,1086,23,1,21.51
3266,1086,126,3,23.02
3267,1086,146,2,6.2
3268,1086,77,1,5.09
3269,1086,147,2,15.88
3270,1087,51,3,34.36
3271,1087,72,3,19.56
3272,1088,115,1,19.38
3273,1088,31,2,21.58
3274,1088,136,4,13.53
3275,1089,48,2,26.0
3276,1089,3,2,5.58
3277,1089,43,2,26.92
3278,1089,126,2,30.79
3279,1090,85,1,31.18
3280,1090,56,1,5.42
3281,1090,5,4,11.33
3282,1091,104,4,11.04
3283,1091,29,1,3.61
3284,1091,134,1,7.32
3285,1092,104,1,4.23
3286,1093,99,2,29.34
3287,1094,127,2,32.92
3288,1094,149,4,26.81
3289,1095,12,4,3.78
3290,1095,87,3,20.61
3291,1095,22,4,18.62
3292,1095,67,4,11.22
3293,1095,13,1,32.52
3294,1096,132,3,25.06
3295,1096,64,4,7.24
3296,1096,25,2,33.52
3297,1096,22,1,19.99
3298,1096,22,3,6.41
3299,1097,143,3,25.37
3300,1097,85,2,27.42
3301,1097,80,2,34.14
3302,1097,49,3,28.85
3303,1097,4,1,14.94
3304,1098,62,3,16.51
3305,1098,8,4,13.63
3306,1098,148,3,12.43
3307,1099,104,4,17.41
3308,1099,14,1,5.34
3309,1099,36,3,31.26
3310,1100,36,1,25.19
3311,1101,36,2,19.67
3312,1101,74,1,8.2
3313,1102,37,1,20.22
3314,1102,129,1,19.15
3315,1102,84,2,18.23
3316,1102,92,2,16.46
3317,1103,57,3,34.87
3318,1103,5,1,12.78
3319,1104,25,2,20.88
3320,1104,85,1,20.79
3321,1105,18,2,28.27
3322,1105,84,3,21.28
3323,1105,74,4,7.1
3324,1105,9,1,18.14
3325,1106,57,1,11.83
3326,1106,105,1,5.19
3327,1107,144,2,19.95
3328,1107,118,1,4.43
3329,1108,52,2,21.39
3330,1108,110,1,14.55
3331,1109,8,3,33.31
3332,1109,96,1,19.18
3333,1110,112,3,10.57
3334,1110,67,3,15.53
3335,1110,12,3,24.14
3336,1110,37,4,16.7
3337,1111,77,4,29.49
3338,1111,7,1,23.09
3339,1112,61,1,15.03
3340,1112,53,3,18.99
3341,1112,39,3,10.9
3342,1113,108,1,18.97
3343,1113,105,2,8.64
3344,1113,82,1,27.11
3345,1113,33,4,24.55
3346,1113,47,4,17.77
3347,1114,131,4,30.19
3348,1115,90,4,33.51
3349,1115,34,3,34.48
3350,1115,114,4,30.35
3351,1115,114,3,28.39
3352,1116,122,4,29.64
3353,1116,41,1,23.63
3354,1116,93,1,4.65
3355,1117,131,3,19.27
3356,1118,78,2,7.45
3357,1118,81,3,29.07
3358,1118,79,1,13.18
3359,1118,108,4,20.75
3360,1119,39,1,14.09
3361,1120,65,3,8.65
3362,1120,66,2,4.04
3363,1120,103,3,28.73
3364,1120,23,1,6.68
3365,1121,127,2,20.72
3366,1121,21,2,18.1
3367,1121,1,4,10.86
3368,1121,58,3,24.83
3369,1121,74,2,26.31
3370,1122,133,3,21.98
3371,1122,108,1,34.78
3372,1122,104,3,30.78
3373,1122,5,3,30.17
3374,1122,26,1,9.22
3375,1123,95,3,9.68
3376,1123,72,1,28.77
3377,1124,64,1,7.23
3378,1124,103,1,13.3
3379,1125,109,1,29.45
3380,1125,62,4,7.98
3381,1125,130,4,5.17
3382,1125,15,2,8.64
3383,1125,52,1,22.23
3384,1126,13,1,6.32
3385,1126,71,1,33.06
3386,1126,54,3,32.45
3387,1126,122,1,11.08
3388,1126,128,1,22.08
3389,1127,143,4,4.94
3390,1127,27,4,31.35
3391,1127,40,3,25.04
3392,1127,14,3,6.6
3393,1128,120,3,30.82
3394,1128,3,1,5.93
3395,1128,113,3,10.54
3396,1129,43,1,4.21
3397,1129,43,4,19.96
3398,1129,1,4,7.83
3399,1129,120,1,26.02
3400,1129,120,1,33.28
3401,1130,110,1,20.9
3402,1131,29,4,34.24
3403,1131,40,2,31.65
3404,1131,99,3,18.66
3405,1131,31,2,18.78
3406,1131,59,1,17.59
3407,1132,144,1,31.84
3408,1132,2,2,28.65
3409,1132,141,1,24.72
3410,1132,141,3,28.21
3411,1133,129,1,3.96
3412,1133,66,3,9.62
3413,1133,35,2,31.1
3414,1133,48,2,34.06
3415,1134,101,1,28.36
3416,1135,98,3,30.18
3417,1135,67,4,24.49
3418,1135,6,4,28.73
3419,1135,92,1,17.26
3420,1136,63,3,25.45
3421,1137,23,3,5.23
3422,1137,30,4,31.68
3423,1138,100,1,3.64
3424,1138,3,2,9.73
3425,1139,134,3,31.62
3426,1140,73,2,25.64
3427,1140,29,2,21.7
3428,1141,139,3,19.36
3429,1141,57,1,3.82
3430,1141,28,4,22.42
3431,1142,4,3,30.53
3432,1143,38,1,15.1
3433,1144,97,4,26.17
3434,1145,100,3,16.23
3435,1145,63,2,24.53
3436,1145,85,2,13.26
3437,1145,24,1,3.6
3438,1145,5,1,31.23
3439,1146,128,4,11.68
3440,1146,40,4,19.43
3441,1146,150,4,30.45
3442,1147,82,4,11.27
3443,1148,83,1,7.81
3444,1148,20,4,32.09
3445,1148,85,1,7.72
3446,1149,96,4,19.46
3447,1149,88,3,11.68
3448,1149,97,1,27.52
3449,1149,119,2,10.65
3450,1149,99,1,8.34
3451,1150,112,3,27.81
3452,1150,109,4,18.26
3453,1150,10,3,5.54
3454,1151,7,4,9.91
3455,1152,119,1,14.89
3456,1152,68,4,20.24
3457,1152,59,4,24.43
3458,1152,16,2,6.58
3459,1152,82,3,34.33
3460,1153,5,2,31.49
3461,1153,76,1,29.98
3462,1153,129,3,25.73
3463,1153,47,4,5.07
3464,1153,145,2,13.97
3465,1154,136,4,34.41
3466,1154,116,2,20.98
3467,1154,77,1,17.63
3468,1154,110,3,7.79
3469,1155,97,2,8.03
3470,1155,18,2,33.21
3471,1155,54,4,18.49
3472,1155,36,3,22.52
3473,1156,136,4,26.24
3474,1156,122,1,16.3
3475,1157,68,4,22.13
3476,1158,46,1,25.36
3477,1158,95,2,11.68
3478,1159,7,2,18.44
3479,1159,148,4,26.88
3480,1159,84,4,17.02
3481,1160,3,3,9.54
3482,1160,83,4,17.68
3483,1160,122,4,19.24
3484,1161,89,3,8.5
3485,1161,20,1,11.1
3486,1161,135,3,8.14
3487,1162,123,2,30.6
3488,1162,34,4,26.45
3489,1163,16,2,9.03
3490,1163,38,4,6.75
3491,1164,119,3,24.01
3492,1165,110,1,34.01
3493,1165,28,4,8.68
3494,1165,76,2,22.93
3495,1165,140,3,7.09
3496,1166,142,4,21.68
3497,1166,60,1,15.31
3498,1166,27,4,33.59
3499,1167,54,2,9.4
3500,1168,106,1,6.51
3501,1168,69,2,24.88
3502,1169,127,1,5.41
3503,1169,140,1,30.85
3504,1169,116,4,31.33
3505,1170,56,1,16.1
3506,1171,115,1,31.48
3507,1171,3,1,12.67
3508,1172,54,2,16.52
3509,1172,118,2,11.49
3510,1173,97,2,30.36
3511,1173,113,2,21.24
3512,1173,114,4,34.33
3513,1174,2,2,33.67
3514,1174,9,4,27.32
3515,1174,84,3,5.42
3516,1174,90,3,6.92
3517,1174,57,2,7.51
3518,1175,127,2,20.54
3519,1175,23,2,31.69
3520,1176,100,2,14.46
3521,1177,77,4,5.37
3522,1178,108,4,15.95
3523,1178,85,2,17.79
3524,1178,43,3,14.71
3525,1178,53,4,11.84
3526,1179,96,1,17.76
3527,1179,1,4,12.99
3528,1179,1,4,27.07
3529,1179,94,4,30.16
3530,1179,6,2,4.9
3531,1180,27,2,22.24
3532,1181,48,1,31.98
3533,1181,77,2,23.02
3534,1182,67,1,21.92
3535,1182,45,2,14.48
3536,1182,50,2,10.0
3537,1183,43,2,14.76
3538,1184,40,3,32.03
3539,1185,89,1,7.08
3540,1185,58,3,12.44
3541,1185,9,2,30.44
3542,1186,130,3,25.4
3543,1186,54,2,27.28
3544,1186,63,2,31.07
3545,1186,76,2,15.91
3546,1186,42,4,7.67
3547,1187,7,3,21.28
3548,1187,138,2,7.36
3549,1187,69,3,6.35
3550,1187,149,1,17.5
3551,1187,86,4,13.36
3552,1188,35,1,7.21
3553,1188,63,4,16.15
3554,1188,20,4,17.98
3555,1188,96,3,8.54
3556,1188,4,4,9.24
3557,1189,24,2,31.9
3558,1189,88,1,21.96
3559,1189,47,4,17.56
3560,1190,26,4,15.23
3561,1190,103,2,33.24
3562,1191,122,3,8.26
3563,1191,131,4,11.43
3564,1191,27,2,25.59
3565,1192,109,1,17.63
3566,1192,59,1,3.64
3567,1192,41,3,13.44
3568,1192,36,3,5.42
3569,1192,43,1,5.48
3570,1193,85,3,3.81
3571,1193,25,3,10.11
3572,1194,26,1,12.93
3573,1194,13,4,18.78
3574,1195,119,2,11.72
3575,1195,33,3,25.31
3576,1195,65,2,8.33
3577,1195,24,2,25.81
3578,1195,66,3,25.56
3579,1196,29,2,26.68
3580,1196,2,3,27.81
3581,1196,124,4,4.81
3582,1196,127,4,29.63
3583,1196,51,2,31.24
3584,1197,143,4,14.66
3585,1197,92,1,8.73
3586,1198,139,3,33.74
3587,1198,71,1,31.33
3588,1198,86,3,26.66
3589,1198,136,2,29.63
3590,1199,44,3,25.53
3591,1199,123,2,16.24
3592,1199,45,1,26.8
3593,1199,69,4,18.69
3594,1199,150,2,14.92
3595,1200,82,3,6.02
3596,1200,150,4,8.82
3597,1201,45,2,30.89
3598,1201,3,1,20.3
3599,1202,104,2,27.34
3600,1202,77,4,8.92
3601,1202,106,2,22.05
3602,1203,47,1,6.36
3603,1203,44,2,11.24
3604,1203,71,1,12.56
3605,1204,45,1,28.32
3606,1204,107,4,8.86
3607,1204,114,1,7.73
3608,1204,103,1,11.76
3609,1204,88,1,33.83
3610,1205,111,2,9.33
3611,1205,123,3,23.88
3612,1205,5,2,22.86
3613,1206,22,2,11.24
3614,1207,138,2,7.74
3615,1207,77,4,6.45
3616,1208,57,4,30.34
3617,1208,12,4,33.9
3618,1208,136,2,18.03
3619,1208,10,3,16.1
3620,1208,103,1,32.59
3621,1209,15,4,34.23
3622,1209,34,4,12.36
3623,1209,135,3,3.83
3624,1209,147,3,10.69
3625,1210,52,3,16.85
3626,1210,114,4,24.26
3627,1211,29,2,34.47
3628,1211,51,4,7.11
3629,1212,67,3,25.95
3630,1212,112,3,7.82
3631,1212,52,1,15.76
3632,1212,71,3,7.16
3633,1212,51,4,9.13
3634,1213,100,3,18.51
3635,1213,108,1,16.79
3636,1213,54,3,22.54
3637,1213,47,1,29.29
3638,1214,18,4,13.83
3639,1214,88,1,19.62
3640,1214,113,1,34.94
3641,1214,127,2,8.93
3642,1215,11,2,12.54
3643,1215,57,4,13.19
3644,1216,20,4,8.8
3645,1216,69,3,16.99
3646,1216,86,2,19.28
3647,1217,147,3,17.63
3648,1217,3,2,14.81
3649,1217,76,3,26.98
3650,1217,97,2,16.67
3651,1218,11,3,25.18
3652,1218,45,2,19.75
3653,1218,69,1,24.06
3654,1218,1,3,10.65
3655,1218,87,3,18.67
3656,1219,45,1,15.81
3657,1219,72,2,13.62
3658,1219,5,1,21.82
3659,1220,123,1,11.75
3660,1220,110,1,13.1
3661,1221,25,3,10.5
3662,1221,130,3,12.19
3663,1221,118,1,15.98
3664,1221,97,1,20.58
3665,1222,90,4,11.58
3666,1222,107,4,7.64
3667,1222,100,2,16.23
3668,1222,18,3,24.26
3669,1223,133,3,29.22
3670,1224,147,1,33.06
3671,1224,39,4,18.47
3672,1224,43,1,3.85
3673,1224,133,3,14.04
3674,1224,117,4,4.14
3675,1225,94,4,27.22
3676,1225,110,1,14.13
3677,1226,59,2,17.49
3678,1227,131,2,10.16
3679,1227,102,4,23.81
3680,1227,55,1,29.25
3681,1227,121,1,20.76
3682,1228,47,2,16.75
3683,1228,122,3,27.95
3684,1229,5,4,19.5
3685,1229,130,4,13.87
3686,1229,129,3,24.8
3687,1229,12,4,18.33
3688,1229,53,4,9.94
3689,1230,132,4,34.6
3690,1230,7,3,28.66
3691,1231,6,3,21.49
3692,1231,36,1,25.38
3693,1231,16,3,23.91
3694,1232,109,1,20.67
3695,1232,103,4,4.44
3696,1232,101,2,9.38
3697,1232,16,1,16.17
3698,1232,42,1,18.45
3699,1233,149,2,27.65
3700,1233,131,1,24.7
3701,1233,146,2,18.95
3702,1233,144,2,16.69
3703,1233,83,2,27.84
3704,1234,119,1,17.91
3705,1234,2,4,29.4
3706,1235,68,2,16.26
3707,1235,75,2,4.45
3708,1235,138,2,34.13
3709,1236,61,3,13.03
3710,1237,5,1,12.39
3711,1237,145,4,17.66
3712,1237,98,2,5.5
3713,1237,88,4,9.48
3714,1237,95,3,34.88
3715,1238,42,3,10.81
3716,1238,132,3,24.25
3717,1238,63,1,25.47
3718,1238,20,4,26.33
3719,1238,29,4,18.35
3720,1239,99,4,33.55
3721,1240,57,1,14.33
3722,1240,136,1,6.74
3723,1240,65,2,31.89
3724,1241,24,3,3.55
3725,1241,115,1,7.1
3726,1241,14,2,16.49
3727,1241,77,1,17.56
3728,1241,13,2,4.48
3729,1242,9,1,17.81
3730,1242,103,2,20.15
3731,1242,107,2,24.02
3732,1242,76,3,30.04
3733,1242,84,1,24.31
3734,1243,118,2,19.76
3735,1244,87,2,23.71
3736,1244,120,3,6.3
3737,1244,108,1,16.82
3738,1244,29,4,30.55
3739,1244,44,4,16.29
3740,1245,4,1,20.21
3741,1245,5,2,23.18
3742,1246,15,2,34.82
3743,1246,108,2,24.68
3744,1246,68,3,11.98
3745,1246,84,4,23.35
3746,1247,65,3,34.95
3747,1247,125,1,6.06
3748,1248,76,2,12.9
3749,1249,56,4,22.3
3750,1249,150,1,33.07
3751,1249,40,2,17.94
3752,1250,3,2,20.87
3753,1250,69,4,16.26
3754,1251,64,4,23.94
3755,1252,1,2,32.43
3756,1252,76,2,15.33
3757,1252,35,3,4.82
3758,1252,91,2,25.5
3759,1253,66,1,25.55
3760,1253,113,3,28.03
3761,1253,72,1,34.08
3762,1253,103,3,29.97
3763,1254,140,2,7.24
3764,1254,146,4,34.94
3765,1254,64,3,12.21
3766,1254,103,4,8.3
3767,1254,51,2,10.77
3768,1255,98,4,28.91
3769,1256,136,4,12.44
3770,1256,19,2,15.24
3771,1256,80,4,33.99
3772,1256,45,2,27.08
3773,1256,66,2,22.55
3774,1257,48,2,33.78
3775,1257,145,2,3.85
3776,1257,107,4,5.79
3777,1257,117,4,9.07
3778,1258,97,2,22.02
3779,1258,141,2,10.28
3780,1258,142,4,30.75
3781,1259,143,4,25.87
3782,1259,116,2,15.22
3783,1259,112,1,12.98
3784,1259,64,3,20.04
3785,1260,134,3,31.7
3786,1261,25,3,9.8
3787,1261,136,2,34.25
3788,1262,22,2,34.72
3789,1262,104,1,4.42
3790,1262,18,3,12.87
3791,1262,120,4,8.12
3792,1262,18,3,26.85
3793,1263,9,3,26.53
3794,1263,145,1,10.36
3795,1264,5,2,19.77
3796,1265,127,3,8.3
3797,1265,140,4,7.67
3798,1265,139,4,23.8
3799,1265,99,3,8.53
3800,1265,35,3,32.12
3801,1266,39,1,19.84
3802,1266,60,3,29.7
3803,1266,8,4,34.79
3804,1267,27,3,21.1
3805,1267,103,2,32.33
3806,1267,146,1,23.94
3807,1267,95,4,20.32
3808,1268,22,4,24.25
3809,1269,1,4,22.89
3810,1269,105,1,33.0
3811,1270,147,3,34.31
3812,1270,40,3,30.26
3813,1270,2,3,11.31
3814,1270,79,4,11.62
3815,1271,82,2,33.88
3816,1271,50,4,24.3
3817,1272,104,1,3.9
3818,1272,128,4,19.12
3819,1272,44,1,19.13
3820,1273,16,2,16.7
3821,1273,148,2,33.93
3822,1273,38,3,29.75
3823,1274,19,2,19.74
3824,1274,50,2,17.98
3825,1274,49,3,26.55
3826,1274,76,3,12.16
3827,1274,115,3,20.82
3828,1275,70,4,17.08
3829,1276,137,4,30.78
3830,1276,58,3,34.57
3831,1276,2,4,16.53
3832,1276,20,1,28.27
3833,1277,143,3,6.33
3834,1278,43,3,5.97
3835,1278,91,4,9.57
3836,1279,10,1,21.09
3837,1279,91,1,14.35
3838,1279,140,1,26.46
3839,1280,83,4,11.71
3840,1281,101,3,11.34
3841,1281,30,4,4.98
3842,1281,126,4,3.58
3843,1281,73,1,22.02
3844,1281,4,3,13.55
3845,1282,31,3,34.52
3846,1282,64,2,9.11
3847,1282,139,1,24.95
3848,1283,98,4,27.72
3849,1283,11,2,19.68
3850,1283,140,4,25.06
3851,1283,72,1,24.29
3852,1283,137,1,8.27
3853,1284,41,3,6.35
3854,1284,98,3,25.3
3855,1284,53,2,26.25
3856,1285,107,2,9.8
3857,1285,49,4,12.95
3858,1285,6,1,27.51
3859,1286,125,1,19.43
3860,1286,143,4,34.76
3861,1286,11,2,4.79
3862,1286,31,1,20.54
3863,1287,57,1,6.39
3864,1287,38,4,15.43
3865,1287,25,3,20.42
3866,1288,87,1,14.3
3867,1288,103,2,9.37
3868,1288,31,1,22.21
3869,1288,104,1,12.8
3870,1288,117,2,8.12
3871,1289,58,4,24.86
3872,1289,122,4,33.49
3873,1289,94,3,12.83
3874,1290,137,2,32.43
3875,1291,21,4,27.15
3876,1291,75,4,27.0
3877,1292,147,3,26.47
3878,1292,148,3,16.77
3879,1292,125,4,34.93
3880,1292,34,4,9.16
3881,1292,84,4,32.57
3882,1293,60,1,7.84
3883,1293,99,1,26.81
3884,1293,78,1,7.59
3885,1294,143,4,3.69
3886,1294,100,4,5.03
3887,1294,14,4,10.95
3888,1294,102,4,11.02
3889,1295,95,1,7.57
3890,1296,23,4,11.88
3891,1296,3,1,3.84
3892,1296,56,1,22.16
3893,1296,43,1,28.87
3894,1296,61,1,8.01
3895,1297,6,3,14.18
3896,1297,52,4,27.34
3897,1298,120,3,10.78
3898,1298,29,2,34.03
3899,1298,11,1,23.13
3900,1298,137,4,4.85
3901,1298,119,3,32.39
3902,1299,76,3,11.62
3903,1299,70,2,4.88
3904,1299,74,3,25.34
3905,1299,85,2,19.68
3906,1300,143,1,23.36
3907,1301,141,4,14.46
3908,1302,136,2,12.43
3909,1302,73,3,16.04
3910,1302,104,2,30.81
3911,1303,95,2,7.39
3912,1303,127,1,13.42
3913,1303,105,4,3.88
3914,1303,105,1,29.04
3915,1303,36,3,20.57
3916,1304,115,1,12.83
3917,1305,108,4,4.01
3918,1305,51,3,28.69
3919,1306,94,3,4.36
3920,1307,51,1,5.64
3921,1307,59,1,16.83
3922,1307,25,3,16.83
3923,1308,135,4,21.52
3924,1308,96,2,9.15
3925,1308,78,1,10.09
3926,1309,84,3,17.43
3927,1309,68,1,25.85
3928,1309,68,3,10.23
3929,1309,82,4,21.88
3930,1309,82,4,7.38
3931,1310,135,4,17.19
3932,1311,104,2,17.04
3933,1311,100,1,20.94
3934,1311,50,3,25.97
3935,1312,68,4,15.97
3936,1312,2,3,25.13
3937,1312,13,2,34.07
3938,1312,123,4,28.74
3939,1313,139,3,11.2
3940,1314,26,2,8.66
3941,1315,93,4,18.9
3942,1315,56,2,30.28
3943,1315,37,4,10.2
3944,1315,35,2,21.31
3945,1315,104,3,11.66
3946,1316,144,2,13.65
3947,1316,42,4,32.95
3948,1317,97,2,11.64
3949,1317,113,4,32.43
3950,1317,41,2,26.21
3951,1317,87,2,4.97
3952,1318,47,1,21.62
3953,1318,65,1,5.56
3954,1319,49,2,27.48
3955,1319,45,3,12.74
3956,1319,55,3,19.08
3957,1319,19,2,31.52
3958,1319,3,4,13.94
3959,1320,22,3,30.05
3960,1320,88,2,31.75
3961,1320,15,4,13.69
3962,1321,18,2,20.86
3963,1321,57,1,4.43
3964,1321,101,3,34.52
3965,1321,55,2,9.31
3966,1321,111,2,32.28
3967,1322,116,4,18.21
3968,1322,53,1,16.55
3969,1322,130,1,33.58
3970,1322,103,3,26.5
3971,1323,114,1,10.03
3972,1324,14,2,15.42
3973,1324,9,3,22.85
3974,1324,44,3,7.76
3975,1325,22,1,23.67
3976,1325,77,1,7.67
3977,1325,127,3,4.08
3978,1326,122,3,19.45
3979,1326,110,4,16.74
3980,1326,96,1,30.02
3981,1326,111,2,3.93
3982,1327,63,4,9.51
3983,1328,92,4,31.32
3984,1328,68,4,26.46
3985,1328,73,4,11.92
3986,1328,125,2,6.79
3987,1328,56,4,27.08
3988,1329,72,1,11.62
3989,1329,130,4,4.58
3990,1329,81,3,3.95
3991,1329,73,2,8.0
3992,1329,107,4,12.84
3993,1330,34,2,34.22
3994,1330,66,4,6.7
3995,1331,41,1,24.31
3996,1332,85,3,21.22
3997,1333,59,3,4.01
3998,1333,19,2,25.08
3999,1333,112,2,7.83
4000,1334,136,3,33.08
4001,1334,77,2,29.54
4002,1335,88,4,26.03
4003,1335,130,4,5.52
4004,1336,129,2,32.13
4005,1336,33,2,17.68
4006,1336,140,4,5.32
4007,1336,140,3,5.62
4008,1336,134,1,15.61
4009,1337,52,3,21.63
4010,1338,103,3,18.23
4011,1338,148,3,15.83
4012,1338,84,4,25.13
4013,1339,69,4,9.57
4014,1339,139,2,34.09
4015,1339,114,2,9.84
4016,1339,31,1,29.94
4017,1339,16,2,16.64
4018,1340,103,2,3.73
4019,1340,108,3,14.72
4020,1340,82,4,25.06
4021,1340,105,3,13.91
4022,1341,103,3,13.83
4023,1341,92,4,14.59
4024,1341,45,3,18.31
4025,1341,71,1,3.72
4026,1341,99,4,14.13
4027,1342,136,2,12.67
4028,1342,15,3,5.75
4029,1342,98,3,11.54
4030,1342,28,2,9.02
4031,1343,78,3,5.66
4032,1343,132,4,32.89
4033,1343,2,2,28.75
4034,1344,52,4,32.23
4035,1344,110,1,19.65
4036,1345,82,4,30.82
4037,1345,17,4,4.13
4038,1346,105,2,4.94
4039,1346,77,3,8.35
4040,1347,132,4,5.41
4041,1347,12,3,26.54
4042,1348,137,2,4.46
4043,1348,72,1,10.2
4044,1348,149,1,21.89
4045,1348,111,1,29.45
4046,1348,122,4,30.84
4047,1349,125,2,29.98
4048,1349,87,2,20.99
4049,1349,29,2,14.92
4050,1349,70,1,12.91
4051,1349,11,4,9.95
4052,1350,126,3,34.62
4053,1350,4,3,19.2
4054,1350,58,3,24.82
4055,1350,87,1,7.92
4056,1351,1,2,26.09
4057,1351,65,3,8.13
4058,1351,12,2,34.04
4059,1351,91,2,13.96
4060,1352,5,4,9.52
4061,1352,80,2,4.79
4062,1352,25,4,24.45
4063,1353,74,4,18.0
4064,1353,94,1,24.17
4065,1353,18,4,26.74
4066,1353,134,2,9.85
4067,1354,134,2,29.93
4068,1354,82,4,25.43
4069,1354,71,1,21.47
4070,1354,41,2,23.87
4071,1354,57,2,34.09
4072,1355,8,3,26.26
4073,1355,97,3,8.72
4074,1355,108,4,12.71
4075,1355,133,2,6.61
4076,1356,50,1,15.59
4077,1356,47,2,24.2
4078,1356,23,3,6.41
4079,1356,136,1,18.27
4080,1357,39,3,28.04
4081,1357,98,3,29.38
4082,1357,145,3,16.55
4083,1357,141,1,32.91
4084,1357,40,2,7.71
4085,1358,57,4,7.25
4086,1358,129,1,34.39
4087,1359,59,4,24.9
4088,1359,147,1,4.63
4089,1360,81,3,31.0
4090,1360,139,4,5.25
4091,1360,142,3,29.01
4092,1360,115,3,25.65
4093,1361,114,4,19.14
4094,1362,52,1,34.65
4095,1362,140,1,30.05
4096,1362,54,4,19.7
4097,1363,150,1,13.59
4098,1363,15,3,15.14
4099,1363,100,2,16.26
4100,1364,54,3,20.84
4101,1364,114,4,9.97
4102,1364,6,2,33.72
4103,1364,123,4,6.0
4104,1364,61,4,24.96
4105,1365,30,1,23.41
4106,1365,86,1,20.74
4107,1366,26,2,32.74
4108,1366,139,4,30.19
4109,1366,26,2,29.19
4110,1366,7,4,3.72
4111,1366,103,4,26.03
4112,1367,10,1,4.98
4113,1367,34,2,18.65
4114,1367,38,2,15.71
4115,1367,60,2,12.16
4116,1367,131,4,24.33
4117,1368,117,1,11.14
4118,1368,81,1,16.75
4119,1368,84,4,19.6
4120,1368,106,2,34.89
4121,1368,49,3,14.66
4122,1369,4,4,17.43
4123,1369,26,2,29.96
4124,1369,56,1,13.67
4125,1369,88,1,24.96
4126,1370,113,1,14.76
4127,1370,24,4,22.96
4128,1370,57,3,25.89
4129,1371,68,1,13.3
4130,1371,131,2,6.8
4131,1371,20,3,5.51
4132,1372,14,1,27.21
4133,1372,59,3,30.3
4134,1372,51,4,20.38
4135,1372,114,1,13.72
4136,1373,137,1,26.93
4137,1373,150,4,31.17
4138,1373,116,4,20.44
4139,1373,37,2,23.62
4140,1374,69,3,16.93
4141,1374,75,3,16.48
4142,1374,122,3,4.28
4143,1375,109,4,33.54
4144,1375,6,1,17.11
4145,1376,82,4,10.39
4146,1376,128,2,30.86
4147,1377,150,4,15.03
4148,1377,42,2,24.37
4149,1377,60,1,19.53
4150,1378,54,1,7.81
4151,1378,23,3,21.12
4152,1378,78,2,34.87
4153,1378,59,2,9.01
4154,1378,24,4,30.42
4155,1379,18,3,23.25
4156,1379,66,2,21.87
4157,1379,100,1,33.32
4158,1380,77,3,28.53
4159,1380,121,3,15.75
4160,1381,89,3,20.66
4161,1382,125,3,26.83
4162,1383,30,4,5.5
4163,1383,1,3,3.91
4164,1383,42,2,5.92
4165,1383,25,4,21.28
4166,1383,19,3,31.57
4167,1384,59,3,29.89
4168,1385,99,1,25.71
4169,1385,66,2,25.36
4170,1385,116,3,4.31
4171,1385,33,2,20.38
4172,1386,62,2,27.78
4173,1386,8,2,16.88
4174,1386,90,1,21.62
4175,1387,99,2,7.17
4176,1387,49,4,15.38
4177,1387,118,1,22.39
4178,1387,97,4,16.54
4179,1387,20,1,7.9
4180,1388,101,2,12.25
4181,1388,9,2,28.49
4182,1388,33,2,24.92
4183,1389,69,1,5.78
4184,1389,54,4,34.12
4185,1390,57,4,18.88
4186,1390,5,1,18.44
4187,1390,116,1,13.81
4188,1390,78,3,29.15
4189,1390,31,3,12.75
4190,1391,43,2,11.23
4191,1391,90,1,17.92
4192,1391,102,3,17.18
4193,1391,79,2,30.86
4194,1391,97,1,6.97
4195,1392,64,4,27.18
4196,1392,98,2,5.59
4197,1392,150,3,26.65
4198,1392,98,3,14.71
4199,1393,47,4,25.09
4200,1393,97,3,29.07
4201,1394,12,1,10.31
4202,1394,141,3,3.58
4203,1394,46,3,14.31
4204,1395,70,3,32.65
4205,1395,66,4,18.66
4206,1396,137,2,21.54
4207,1396,77,4,27.28
4208,1397,17,3,32.64
4209,1397,71,4,26.53
4210,1398,96,4,12.71
4211,1399,39,3,6.42
4212,1399,67,4,20.07
4213,1400,82,2,5.5
4214,1400,3,3,3.94
4215,1400,83,3,11.18
4216,1400,127,4,16.89
4217,1401,50,1,25.5
4218,1401,96,1,5.38
4219,1401,138,4,33.9
4220,1401,22,3,9.99
4221,1401,22,3,6.4
4222,1402,65,2,17.14
4223,1403,106,2,23.39
4224,1403,4,4,28.65
4225,1403,20,4,6.57
4226,1403,104,3,16.83
4227,1403,33,3,27.47
4228,1404,105,1,8.0
4229,1405,149,2,11.2
4230,1405,19,3,33.18
4231,1405,46,2,3.89
4232,1405,9,1,9.32
4233,1406,48,4,31.04
4234,1407,5,3,32.34
4235,1407,36,2,12.58
4236,1407,25,1,12.61
4237,1408,7,4,16.38
4238,1408,10,1,13.42
4239,1409,82,2,4.1
4240,1409,103,4,31.62
4241,1409,53,2,7.55
4242,1410,72,1,4.49
4243,1410,82,2,30.88
4244,1411,34,2,24.44
4245,1411,13,3,15.4
4246,1411,8,1,33.77
4247,1411,12,1,7.09
4248,1411,54,3,20.33
4249,1412,58,1,9.56
4250,1412,45,3,9.22
4251,1413,30,2,8.49
4252,1413,66,3,29.72
4253,1413,106,3,14.0
4254,1413,56,3,9.35
4255,1414,77,3,22.7
4256,1414,110,1,8.96
4257,1414,150,4,17.03
4258,1414,69,2,26.98
4259,1415,92,2,17.27
4260,1415,117,4,23.19
4261,1415,63,3,24.35
4262,1415,141,3,9.09
4263,1415,121,2,14.72
4264,1416,86,2,34.91
4265,1417,95,3,21.23
4266,1417,17,3,18.87
4267,1417,100,2,15.15
4268,1417,64,1,23.02
4269,1418,107,3,6.81
4270,1418,122,3,10.4
4271,1418,104,3,8.52
4272,1418,114,3,32.6
4273,1419,112,3,24.51
4274,1419,87,2,21.18
4275,1419,105,2,27.5
4276,1419,148,3,27.06
4277,1420,75,2,31.14
4278,1420,100,4,32.6
4279,1421,77,1,14.17
4280,1421,21,2,23.69
4281,1422,51,2,13.71
4282,1422,55,3,16.44
4283,1422,85,4,11.26
4284,1422,148,1,16.51
4285,1423,101,2,12.83
4286,1424,61,1,16.58
4287,1424,91,2,24.73
4288,1424,129,1,6.7
4289,1424,132,2,25.38
4290,1425,8,2,4.23
4291,1426,122,2,15.46
4292,1426,121,2,27.91
4293,1427,25,3,20.39
4294,1428,124,1,21.01
4295,1428,36,4,26.56
4296,1428,147,2,7.21
4297,1428,32,3,16.04
4298,1429,77,4,16.0
4299,1429,83,3,29.91
4300,1430,43,4,30.04
4301,1430,76,3,27.15
4302,1430,53,2,22.33
4303,1430,118,2,27.06
4304,1430,150,3,3.86
4305,1431,147,3,19.43
4306,1431,21,1,9.22
4307,1431,106,4,26.14
4308,1431,146,4,6.29
4309,1432,116,1,16.47
4310,1432,141,2,10.38
4311,1432,57,1,4.54
4312,1432,100,1,8.85
4313,1433,8,1,16.14
4314,1433,64,3,26.54
4315,1433,9,1,9.63
4316,1433,60,3,34.12
4317,1433,56,4,32.41
4318,1434,124,2,33.65
4319,1434,71,1,12.37
4320,1434,145,3,6.29
4321,1434,16,1,30.75
4322,1435,56,1,5.83
4323,1435,65,1,6.77
4324,1435,3,3,21.72
4325,1435,22,1,5.0
4326,1436,42,1,8.24
4327,1436,144,4,30.38
4328,1436,31,4,32.35
4329,1437,19,1,11.26
4330,1438,32,2,11.62
4331,1438,85,3,20.94
4332,1439,16,2,13.56
4333,1439,20,4,5.43
4334,1440,145,1,18.8
4335,1440,26,2,32.5
4336,1440,98,1,6.01
4337,1440,124,1,30.44
4338,1441,127,1,9.9
4339,1442,26,3,32.68
4340,1442,5,2,13.06
4341,1443,2,2,34.08
4342,1443,134,1,12.61
4343,1443,31,2,29.97
4344,1443,118,3,13.49
4345,1444,20,2,34.05
4346,1444,122,3,18.96
4347,1444,76,4,9.41
4348,1444,19,2,20.95
4349,1445,10,4,13.0
4350,1446,98,1,28.15
4351,1447,44,2,23.7
4352,1447,31,3,12.44
4353,1447,13,1,25.86
4354,1448,86,2,13.94
4355,1449,111,2,15.74
4356,1449,105,3,29.15
4357,1449,87,2,34.95
4358,1449,45,4,26.8
4359,1450,1,2,23.44
4360,1451,125,1,32.93
4361,1451,120,3,19.9
4362,1451,92,4,15.8
4363,1452,130,2,34.41
4364,1452,8,3,6.84
4365,1452,88,4,17.72
4366,1453,54,3,14.97
4367,1453,130,3,31.43
4368,1453,48,4,23.6
4369,1453,23,4,8.42
4370,1454,35,3,16.26
4371,1454,7,3,15.56
4372,1454,3,4,4.21
4373,1454,11,1,12.76
4374,1455,29,2,3.66
4375,1455,97,4,30.63
4376,1455,67,1,28.3
4377,1456,114,1,31.12
4378,1456,1,4,16.39
4379,1456,16,3,34.63
4380,1456,26,4,7.77
4381,1456,37,1,18.36
4382,1457,50,1,7.33
4383,1457,42,2,10.73
4384,1458,38,2,9.01
4385,1458,40,3,3.91
4386,1458,72,4,13.79
4387,1458,40,2,14.77
4388,1458,77,1,3.54
4389,1459,10,3,17.75
4390,1460,59,3,31.53
4391,1461,30,2,14.43
4392,1462,81,2,13.54
4393,1463,38,2,27.63
4394,1463,136,2,32.59
4395,1463,2,4,12.61
4396,1463,93,4,21.03
4397,1464,119,2,4.42
4398,1465,5,1,4.25
4399,1465,77,1,23.09
4400,1465,85,2,12.99
4401,1465,86,2,28.28
4402,1465,131,1,32.79
4403,1466,74,4,21.0
4404,1466,117,3,26.58
4405,1466,33,1,9.02
4406,1467,143,2,4.21
4407,1467,57,3,19.18
4408,1467,144,1,24.72
4409,1467,59,4,21.09
4410,1467,30,2,6.57
4411,1468,114,3,32.83
4412,1468,62,4,22.28
4413,1468,4,3,29.15
4414,1468,142,3,33.67
4415,1468,127,3,22.16
4416,1469,6,3,9.38
4417,1469,1,4,22.49
4418,1469,111,1,25.22
4419,1470,40,4,3.97
4420,1470,18,1,15.74
4421,1470,108,4,11.08
4422,1471,70,3,17.49
4423,1471,12,1,16.07
4424,1471,37,4,16.55
4425,1471,58,4,24.41
4426,1472,77,1,7.91
4427,1473,6,3,9.63
4428,1473,103,2,23.66
4429,1474,76,3,12.99
4430,1474,128,2,13.68
4431,1474,3,3,24.77
4432,1474,62,2,31.88
4433,1475,55,3,19.64
4434,1475,9,3,6.02
4435,1476,79,1,26.18
4436,1476,88,2,33.18
4437,1477,28,3,20.34
4438,1477,81,4,12.38
4439,1477,150,1,15.6
4440,1477,128,4,3.97
4441,1478,43,3,17.74
4442,1478,62,2,10.48
4443,1478,37,3,24.78
4444,1479,92,2,32.82
4445,1479,22,3,23.66
4446,1479,36,4,10.63
4447,1480,6,2,22.56
4448,1480,101,2,32.0
4449,1480,24,4,8.47
4450,1481,76,2,22.41
4451,1481,34,1,13.01
4452,1481,105,4,20.56
4453,1481,46,1,14.81
4454,1482,46,4,15.55
4455,1482,54,4,30.54
4456,1483,102,2,34.57
4457,1484,9,2,7.31
4458,1484,60,2,19.25
4459,1484,78,3,3.74
4460,1485,12,4,6.5
4461,1485,150,1,6.85
4462,1486,63,2,15.27
4463,1486,58,4,22.53
4464,1487,16,1,5.33
4465,1488,48,3,17.05
4466,1489,38,2,30.01
4467,1489,97,3,25.55
4468,1489,17,3,14.65
4469,1489,80,1,26.4
4470,1490,37,2,3.51
4471,1490,89,2,7.81
4472,1490,60,1,33.81
4473,1490,120,4,32.36
4474,1490,137,1,12.47
4475,1491,75,4,26.62
4476,1491,63,4,3.9
4477,1491,31,3,33.27
4478,1491,91,2,24.85
4479,1492,21,4,34.18
4480,1493,108,4,14.21
4481,1493,89,2,24.25
4482,1493,108,1,7.44
4483,1493,148,2,20.94
4484,1494,123,1,16.31
4485,1494,19,1,8.41
4486,1494,63,1,24.77
4487,1495,123,4,4.26
4488,1495,123,4,9.94
4489,1495,63,2,8.26
4490,1495,125,1,20.48
4491,1496,40,1,30.87
4492,1496,97,3,23.88
4493,1496,95,4,10.45
4494,1496,128,1,6.12
4495,1496,39,3,9.57
4496,1497,8,2,17.79
4497,1498,63,2,31.02
4498,1498,19,2,8.01
4499,1498,112,3,22.38
4500,1499,98,4,22.8
4501,1499,33,4,27.28
4502,1499,138,3,6.75
4503,1499,142,2,28.75
4504,1499,128,4,14.29
4505,1500,88,2,32.46
