order_id,customer_id,restaurant_id,order_timestamp,status,total_amount_usd,payment_method
1,105,16,2026-04-03T10:06:32,delivered,34.92,cash
2,115,26,2026-01-20T19:21:32,placed,40.95,cash
3,170,19,2026-01-15T10:33:32,delivered,69.99,cash
4,85,12,2026-02-17T18:17:32,delivered,38.34,cash
5,50,11,2026-03-15T14:06:32,delivered,68.02,wallet
6,190,16,2026-03-21T11:39:32,delivered,74.03,wallet
7,50,10,2026-01-27T08:46:32,delivered,28.1,card
8,71,2,2026-01-13T00:44:32,cancelled,69.98,wallet
9,193,16,2026-03-27T20:57:32,delivered,9.37,cash
10,88,6,2026-02-12T02:24:32,cancelled,36.28,cash
11,126,3,2026-03-30T15:27:32,delivered,84.88,card
12,22,8,2026-03-24T23:33:32,delivered,93.62,wallet
13,199,17,2026-01-26T22:38:32,delivered,109.75,cash
14,146,20,2026-01-28T04:33:32,preparing,115.53,card
15,68,22,2026-03-17T21:39:32,preparing,34.86,wallet
16,105,15,2026-04-04T12:52:32,delivered,60.63,card
17,73,23,2026-03-15T08:07:32,delivered,15.97,card
18,170,26,2026-03-10T21:15:32,cancelled,55.62,wallet
19,69,27,2026-03-15T21:43:32,delivered,14.68,cash
20,146,30,2026-01-26T18:00:32,delivered,21.93,wallet
21,70,17,2026-03-05T19:27:32,delivered,57.03,wallet
22,83,20,2026-04-08T04:05:32,delivered,18.23,wallet
23,196,22,2026-01-29T23:51:32,delivered,72.54,card
24,114,30,2026-02-12T01:11:32,delivered,119.66,cash
25,121,12,2026-01-22T02:47:32,delivered,43.96,card
26,178,16,2026-03-24T07:26:32,delivered,113.86,wallet
27,81,9,2026-04-09T03:47:32,delivered,116.66,cash
28,139,15,2026-02-07T17:10:32,delivered,29.01,cash
29,114,25,2026-01-24T02:12:32,preparing,37.91,card
30,179,16,2026-03-08T02:56:32,delivered,116.99,wallet
31,80,18,2026-03-13T19:42:32,placed,53.69,card
32,166,27,2026-03-30T03:45:32,delivered,112.46,cash
33,107,27,2026-02-06T19:35:32,delivered,60.89,cash
34,49,30,2026-02-02T13:28:32,delivered,91.58,card
35,107,11,2026-04-05T09:03:32,cancelled,64.87,card
36,151,19,2026-03-07T18:33:32,cancelled,62.84,card
37,89,11,2026-02-15T00:22:32,delivered,68.86,cash
38,62,19,2026-03-03T11:08:32,delivered,103.87,cash
39,122,23,2026-04-08T07:05:32,cancelled,50.7,wallet
40,10,5,2026-01-20T13:21:32,delivered,74.1,card
41,117,1,2026-02-16T14:19:32,delivered,53.92,wallet
42,68,11,2026-03-25T15:22:32,delivered,52.52,card
43,137,13,2026-03-01T19:58:32,cancelled,78.2,cash
44,18,8,2026-02-03T16:13:32,delivered,111.14,card
45,195,21,2026-04-02T04:46:32,delivered,19.26,card
46,8,2,2026-01-15T07:55:32,delivered,14.29,cash
47,63,17,2026-02-25T04:43:32,delivered,84.36,card
48,157,28,2026-03-23T12:47:32,delivered,84.51,cash
49,119,21,2026-01-29T13:38:32,delivered,36.6,card
50,140,6,2026-02-13T08:09:32,preparing,113.87,wallet
51,177,9,2026-03-05T21:25:32,delivered,41.84,cash
52,98,19,2026-02-11T14:37:32,delivered,41.14,wallet
53,169,13,2026-03-07T16:59:32,delivered,71.38,wallet
54,128,27,2026-04-06T22:05:32,cancelled,40.05,card
55,163,7,2026-01-26T06:38:32,delivered,83.91,wallet
56,36,21,2026-01-18T19:59:32,preparing,78.28,card
57,149,12,2026-03-05T03:50:32,delivered,18.09,cash
58,45,7,2026-03-02T18:26:32,delivered,68.41,cash
59,70,27,2026-02-05T00:54:32,delivered,110.37,cash
60,87,26,2026-03-06T17:57:32,delivered,115.84,card
61,173,13,2026-03-15T20:06:32,cancelled,98.11,cash
62,68,18,2026-04-02T05:52:32,delivered,49.28,wallet
63,98,27,2026-01-17T09:15:32,delivered,49.61,wallet
64,159,29,2026-03-15T02:51:32,cancelled,44.74,wallet
65,163,27,2026-03-15T21:48:32,delivered,86.52,wallet
66,12,2,2026-02-20T14:44:32,delivered,63.17,card
67,100,15,2026-03-14T00:44:32,delivered,114.33,wallet
68,191,24,2026-02-03T04:15:32,delivered,54.47,card
69,72,2,2026-02-09T22:26:32,delivered,32.33,cash
70,176,12,2026-03-14T06:46:32,delivered,117.52,cash
71,49,4,2026-04-06T05:35:32,cancelled,100.31,card
72,164,20,2026-01-19T11:11:32,cancelled,13.66,cash
73,145,7,2026-03-13T13:02:32,preparing,93.7,card
74,60,11,2026-01-28T11:00:32,delivered,96.33,wallet
75,38,5,2026-04-13T08:58:32,delivered,97.43,card
76,4,12,2026-01-19T17:44:32,delivered,34.65,cash
77,14,5,2026-04-11T12:36:32,delivered,66.92,wallet
78,200,12,2026-04-05T02:24:32,delivered,20.21,wallet
79,187,26,2026-03-15T22:50:32,cancelled,81.8,cash
80,16,16,2026-02-13T21:51:32,delivered,55.74,card
81,114,3,2026-02-09T18:54:32,delivered,44.08,card
82,160,21,2026-04-05T13:35:32,delivered,87.76,cash
83,117,17,2026-01-27T01:34:32,delivered,19.11,wallet
84,197,18,2026-03-29T21:11:32,delivered,32.08,cash
85,117,13,2026-03-15T04:31:32,delivered,18.65,cash
86,96,5,2026-03-03T20:36:32,delivered,61.12,card
87,25,24,2026-04-03T15:25:32,delivered,98.92,wallet
88,144,11,2026-04-05T23:17:32,delivered,54.01,wallet
89,74,20,2026-02-17T18:49:32,delivered,19.6,wallet
90,124,8,2026-03-17T13:10:32,delivered,47.21,wallet
91,72,19,2026-02-25T14:04:32,delivered,56.06,wallet
92,165,18,2026-01-23T22:09:32,placed,112.06,wallet
93,70,23,2026-03-10T17:41:32,delivered,111.21,cash
94,37,19,2026-04-13T11:57:32,delivered,15.79,wallet
95,192,17,2026-01-22T17:47:32,delivered,55.02,cash
96,185,11,2026-03-24T06:33:32,delivered,71.57,card
97,194,20,2026-04-07T13:42:32,placed,17.14,cash
98,156,15,2026-01-19T04:21:32,delivered,32.14,wallet
99,29,10,2026-03-30T06:25:32,delivered,74.43,wallet
100,57,13,2026-01-18T08:50:32,cancelled,14.14,card
101,36,25,2026-03-06T11:03:32,delivered,44.75,card
102,45,5,2026-02-08T18:25:32,delivered,86.81,wallet
103,91,3,2026-01-31T20:01:32,delivered,91.11,cash
104,20,28,2026-04-11T02:54:32,delivered,56.08,cash
105,75,4,2026-01-12T21:26:32,delivered,116.21,card
106,177,30,2026-01-24T02:59:32,delivered,56.91,card
107,103,17,2026-03-13T04:15:32,preparing,105.5,wallet
108,200,6,2026-03-01T10:31:32,preparing,78.92,wallet
109,199,12,2026-02-07T10:55:32,delivered,115.32,wallet
110,38,9,2026-03-26T10:46:32,delivered,75.47,wallet
111,161,16,2026-04-04T12:03:32,delivered,71.14,wallet
112,145,21,2026-02-14T19:53:32,delivered,77.95,wallet
113,18,16,2026-03-04T13:24:32,delivered,41.92,cash
114,130,3,2026-01-28T16:30:32,delivered,58.61,card
115,166,28,2026-02-25T08:48:32,cancelled,18.11,wallet
116,149,18,2026-02-08T05:23:32,cancelled,90.76,card
117,49,11,2026-02-14T23:11:32,delivered,64.15,card
118,88,23,2026-02-15T14:01:32,preparing,80.37,card
119,113,17,2026-03-12T19:24:32,delivered,25.78,cash
120,199,11,2026-03-08T05:26:32,delivered,13.86,wallet
121,85,4,2026-01-21T07:48:32,delivered,51.3,cash
122,39,11,2026-01-18T21:57:32,preparing,82.32,cash
123,170,13,2026-03-04T21:08:32,delivered,87.39,card
124,165,26,2026-03-05T00:28:32,delivered,22.31,wallet
125,166,22,2026-01-16T01:47:32,delivered,48.52,cash
126,88,25,2026-03-05T12:39:32,delivered,33.37,card
127,26,17,2026-03-25T15:34:32,delivered,101.53,wallet
128,197,20,2026-04-08T20:31:32,delivered,50.19,card
129,160,26,2026-03-20T19:03:32,cancelled,88.77,card
130,185,8,2026-02-20T06:09:32,cancelled,76.39,wallet
131,62,10,2026-02-15T10:18:32,cancelled,95.85,card
132,113,15,2026-02-24T20:16:32,delivered,95.15,wallet
133,52,26,2026-02-05T04:42:32,delivered,105.78,card
134,96,18,2026-01-21T01:57:32,cancelled,87.68,wallet
135,196,6,2026-03-29T08:47:32,delivered,109.39,card
136,57,27,2026-02-17T14:54:32,delivered,47.15,card
137,129,12,2026-02-19T16:27:32,delivered,119.39,cash
138,26,27,2026-03-16T17:32:32,delivered,45.55,card
139,121,23,2026-03-27T16:34:32,delivered,92.99,cash
140,21,1,2026-02-14T22:52:32,delivered,101.52,wallet
141,29,25,2026-01-26T01:25:32,delivered,41.73,card
142,160,15,2026-03-14T04:12:32,preparing,101.71,cash
143,162,17,2026-01-27T00:51:32,delivered,88.48,cash
144,91,8,2026-02-18T17:13:32,delivered,28.98,wallet
145,18,17,2026-04-03T01:29:32,delivered,96.08,wallet
146,121,2,2026-02-02T17:28:32,delivered,117.88,cash
147,18,12,2026-04-11T06:02:32,delivered,81.6,card
148,86,5,2026-01-28T18:04:32,placed,69.15,wallet
149,179,16,2026-03-21T20:23:32,delivered,98.89,card
150,52,2,2026-02-14T16:34:32,delivered,107.21,cash
151,140,16,2026-03-05T01:27:32,delivered,92.37,card
152,200,2,2026-03-08T05:57:32,delivered,45.18,card
153,103,24,2026-02-25T03:56:32,delivered,115.13,cash
154,128,12,2026-03-21T02:08:32,cancelled,66.16,card
155,155,27,2026-02-18T15:25:32,delivered,40.9,card
156,76,10,2026-04-03T07:10:32,delivered,88.38,card
157,115,2,2026-01-15T03:30:32,delivered,110.1,wallet
158,15,3,2026-02-17T09:12:32,delivered,53.5,wallet
159,37,28,2026-01-17T12:51:32,delivered,95.51,card
160,200,21,2026-03-28T15:37:32,delivered,50.88,wallet
161,174,15,2026-04-08T22:43:32,cancelled,49.67,card
162,94,13,2026-01-30T13:19:32,delivered,39.21,card
163,128,17,2026-04-09T18:41:32,delivered,70.91,cash
164,55,20,2026-03-10T19:24:32,delivered,110.65,cash
165,19,15,2026-03-19T14:44:32,delivered,87.9,card
166,89,23,2026-01-16T07:10:32,preparing,68.72,cash
167,180,21,2026-03-23T19:07:32,delivered,48.49,card
168,36,8,2026-03-29T11:02:32,delivered,10.94,wallet
169,142,5,2026-01-30T06:23:32,delivered,17.66,cash
170,123,17,2026-02-21T19:06:32,delivered,53.86,wallet
171,165,3,2026-04-04T13:32:32,delivered,84.17,cash
172,151,6,2026-03-28T00:12:32,delivered,22.45,wallet
173,40,10,2026-04-06T14:19:32,delivered,44.14,wallet
174,73,28,2026-03-16T06:19:32,preparing,29.99,wallet
175,78,20,2026-03-09T13:12:32,delivered,64.29,card
176,44,22,2026-01-27T23:43:32,delivered,109.02,cash
177,8,3,2026-01-31T16:00:32,placed,79.84,wallet
178,197,19,2026-03-10T21:39:32,delivered,79.57,cash
179,165,10,2026-01-23T00:34:32,delivered,98.13,wallet
180,19,23,2026-02-21T08:23:32,preparing,57.24,cash
181,156,5,2026-02-13T11:31:32,delivered,88.46,wallet
182,195,12,2026-02-28T05:44:32,delivered,19.89,card
183,116,8,2026-02-13T14:35:32,delivered,13.67,cash
184,41,27,2026-01-25T04:37:32,delivered,72.7,cash
185,132,15,2026-03-20T12:21:32,delivered,42.56,card
186,118,8,2026-04-02T05:20:32,delivered,47.52,card
187,168,22,2026-03-08T02:14:32,delivered,68.11,card
188,68,24,2026-02-17T12:56:32,delivered,53.16,card
189,144,7,2026-02-21T16:16:32,delivered,40.32,cash
190,141,9,2026-02-08T03:04:32,delivered,77.8,wallet
191,101,12,2026-03-29T13:46:32,delivered,45.98,cash
192,131,13,2026-03-26T11:14:32,delivered,13.07,card
193,117,5,2026-03-02T02:19:32,delivered,65.74,cash
194,101,20,2026-01-25T07:42:32,delivered,41.51,cash
195,126,23,2026-02-08T01:18:32,delivered,61.19,card
196,29,14,2026-02-25T07:09:32,delivered,97.24,wallet
197,153,16,2026-01-14T21:51:32,delivered,81.43,wallet
198,14,19,2026-01-30T10:06:32,delivered,66.71,wallet
199,175,8,2026-01-24T05:43:32,placed,114.2,card
200,81,14,2026-03-20T17:24:32,delivered,85.34,cash
201,121,28,2026-02-07T21:54:32,delivered,89.47,wallet
202,144,11,2026-03-27T01:39:32,cancelled,61.58,cash
203,137,11,2026-03-04T12:23:32,delivered,83.7,wallet
204,178,9,2026-01-15T21:01:32,delivered,29.53,card
205,58,10,2026-03-09T00:33:32,delivered,86.95,wallet
206,123,12,2026-01-13T02:32:32,delivered,112.66,wallet
207,147,22,2026-03-09T08:45:32,delivered,108.33,cash
208,11,10,2026-02-28T13:34:32,cancelled,16.85,cash
209,123,7,2026-01-20T09:05:32,delivered,68.32,wallet
210,28,20,2026-01-14T09:44:32,delivered,34.8,card
211,164,8,2026-01-18T01:38:32,preparing,54.29,wallet
212,198,5,2026-02-12T14:09:32,placed,69.64,card
213,122,16,2026-02-19T20:53:32,delivered,92.66,cash
214,16,30,2026-03-03T08:11:32,delivered,81.06,card
215,10,30,2026-02-03T18:06:32,cancelled,54.8,card
216,127,6,2026-04-09T05:02:32,cancelled,115.76,cash
217,146,20,2026-04-09T17:33:32,delivered,118.1,cash
218,135,16,2026-02-13T21:18:32,delivered,23.03,wallet
219,29,11,2026-02-13T09:40:32,delivered,59.4,cash
220,87,26,2026-03-21T17:05:32,delivered,83.53,card
221,164,29,2026-03-21T21:58:32,delivered,55.9,cash
222,25,6,2026-04-02T05:10:32,cancelled,61.47,card
223,61,15,2026-04-13T09:28:32,delivered,114.85,cash
224,3,9,2026-01-28T18:16:32,delivered,85.59,card
225,79,6,2026-01-18T14:23:32,delivered,64.28,wallet
226,164,30,2026-03-04T19:45:32,cancelled,49.16,card
227,40,15,2026-03-16T13:22:32,delivered,75.84,cash
228,121,25,2026-01-13T23:54:32,delivered,82.38,card
229,153,28,2026-03-12T20:04:32,delivered,66.86,wallet
230,145,4,2026-01-13T06:48:32,preparing,69.34,wallet
231,39,6,2026-03-18T23:18:32,delivered,66.28,card
232,150,16,2026-01-16T11:07:32,preparing,65.16,card
233,107,15,2026-02-14T13:20:32,delivered,70.59,wallet
234,102,9,2026-03-04T18:51:32,delivered,91.53,wallet
235,89,23,2026-04-04T16:25:32,preparing,119.34,card
236,105,6,2026-02-12T16:34:32,delivered,93.77,wallet
237,98,15,2026-01-21T04:29:32,delivered,109.56,cash
238,139,5,2026-04-02T20:10:32,delivered,46.95,card
239,33,24,2026-02-04T05:19:32,cancelled,101.5,card
240,185,18,2026-03-06T03:09:32,delivered,50.48,card
241,40,9,2026-03-13T03:30:32,delivered,106.02,card
242,158,25,2026-04-08T20:26:32,cancelled,107.57,card
243,153,2,2026-03-18T15:46:32,delivered,83.27,card
244,103,15,2026-03-12T18:50:32,delivered,32.33,card
245,60,27,2026-03-27T01:34:32,cancelled,72.52,wallet
246,83,8,2026-01-26T20:00:32,delivered,24.05,wallet
247,77,9,2026-02-06T10:26:32,preparing,114.23,wallet
248,110,18,2026-03-21T21:09:32,delivered,116.9,wallet
249,135,11,2026-01-18T05:02:32,delivered,53.73,cash
250,138,16,2026-02-24T12:04:32,delivered,33.24,wallet
251,15,18,2026-03-26T02:54:32,delivered,54.65,wallet
252,66,7,2026-03-27T05:37:32,delivered,16.86,cash
253,186,27,2026-02-25T15:18:32,delivered,38.07,wallet
254,19,7,2026-01-25T22:50:32,delivered,73.81,wallet
255,54,28,2026-02-01T11:22:32,cancelled,41.96,card
256,31,24,2026-03-17T11:05:32,cancelled,61.64,card
257,53,13,2026-01-13T22:07:32,cancelled,69.83,cash
258,167,12,2026-02-24T03:18:32,delivered,48.28,cash
259,185,16,2026-02-13T14:01:32,delivered,43.87,card
260,12,19,2026-02-25T07:26:32,delivered,91.02,card
261,150,19,2026-03-10T23:53:32,delivered,41.06,card
262,146,27,2026-03-02T10:28:32,delivered,69.67,wallet
263,126,24,2026-03-01T09:04:32,delivered,62.95,card
264,185,18,2026-02-27T12:44:32,delivered,110.69,wallet
265,9,27,2026-01-21T16:19:32,delivered,113.86,wallet
266,36,27,2026-04-07T17:26:32,delivered,15.61,card
267,117,12,2026-04-12T11:20:32,preparing,79.43,wallet
268,5,1,2026-02-10T20:21:32,delivered,54.07,card
269,138,10,2026-02-04T18:35:32,placed,99.07,wallet
270,25,17,2026-02-17T12:46:32,delivered,29.5,wallet
271,102,3,2026-03-12T06:35:32,delivered,53.48,wallet
272,77,22,2026-03-12T19:38:32,delivered,17.03,wallet
273,98,13,2026-04-09T15:27:32,delivered,14.28,card
274,128,28,2026-01-14T12:47:32,delivered,95.85,wallet
275,11,8,2026-04-01T00:54:32,delivered,105.23,wallet
276,20,22,2026-02-12T09:50:32,cancelled,108.72,wallet
277,81,1,2026-01-19T16:41:32,cancelled,73.75,wallet
278,42,19,2026-02-22T15:33:32,delivered,101.48,cash
279,99,25,2026-01-17T00:31:32,delivered,96.54,wallet
280,89,2,2026-04-03T01:05:32,preparing,34.0,card
281,158,20,2026-02-28T22:03:32,delivered,94.64,card
282,116,16,2026-01-22T09:02:32,delivered,69.94,cash
283,150,22,2026-02-17T12:09:32,delivered,94.48,cash
284,22,9,2026-03-12T19:48:32,delivered,87.71,wallet
285,82,12,2026-03-24T18:28:32,delivered,8.58,cash
286,70,4,2026-02-16T06:04:32,delivered,28.99,cash
287,105,4,2026-02-01T00:20:32,placed,47.64,card
288,84,28,2026-01-26T22:02:32,delivered,40.69,cash
289,144,29,2026-04-02T17:55:32,cancelled,35.19,wallet
290,44,5,2026-03-22T20:28:32,delivered,38.06,card
291,71,14,2026-04-05T12:25:32,delivered,95.66,cash
292,161,16,2026-03-12T10:06:32,delivered,29.9,card
293,102,11,2026-03-27T08:52:32,delivered,50.55,cash
294,167,20,2026-02-16T07:25:32,delivered,43.91,wallet
295,46,13,2026-03-19T02:32:32,cancelled,40.64,wallet
296,63,11,2026-01-22T02:16:32,delivered,99.45,cash
297,145,7,2026-02-26T13:53:32,delivered,69.11,wallet
298,119,23,2026-02-02T17:06:32,delivered,97.34,wallet
299,128,5,2026-04-05T04:09:32,delivered,35.11,wallet
300,97,3,2026-03-24T19:25:32,delivered,74.97,wallet
301,178,14,2026-02-21T00:20:32,delivered,96.56,cash
302,164,30,2026-01-14T00:14:32,preparing,94.12,wallet
303,166,20,2026-01-18T06:42:32,placed,118.16,wallet
304,85,26,2026-01-21T05:04:32,delivered,9.18,cash
305,133,18,2026-03-16T01:05:32,delivered,72.43,cash
306,198,22,2026-02-25T05:23:32,delivered,64.05,cash
307,76,14,2026-04-10T02:46:32,cancelled,17.62,wallet
308,88,15,2026-03-26T06:33:32,delivered,66.36,cash
309,185,23,2026-02-12T14:24:32,delivered,15.52,card
310,88,21,2026-01-13T14:51:32,delivered,97.61,wallet
311,142,6,2026-03-13T01:41:32,delivered,55.75,cash
312,48,6,2026-03-15T05:12:32,delivered,56.4,card
313,152,14,2026-01-25T11:24:32,delivered,86.93,card
314,17,19,2026-03-08T19:01:32,delivered,105.66,card
315,118,4,2026-02-26T07:40:32,delivered,104.62,wallet
316,100,20,2026-01-22T07:14:32,delivered,20.79,cash
317,173,23,2026-02-13T22:41:32,delivered,110.89,wallet
318,81,4,2026-04-02T20:44:32,delivered,21.1,cash
319,100,14,2026-01-15T13:20:32,delivered,72.38,cash
320,138,23,2026-03-21T02:12:32,cancelled,112.24,card
321,74,5,2026-02-01T12:21:32,delivered,102.3,wallet
322,125,5,2026-04-07T06:52:32,delivered,51.0,wallet
323,105,22,2026-02-07T21:21:32,delivered,87.54,cash
324,145,1,2026-02-10T12:47:32,delivered,32.7,card
325,74,6,2026-03-09T10:18:32,delivered,71.35,cash
326,147,4,2026-02-02T01:45:32,delivered,68.83,cash
327,185,15,2026-02-03T16:04:32,delivered,118.85,card
328,9,15,2026-01-20T10:33:32,delivered,104.57,card
329,61,7,2026-02-16T14:03:32,delivered,73.85,cash
330,110,6,2026-01-12T22:12:32,delivered,95.9,card
331,137,9,2026-04-05T23:30:32,delivered,26.86,wallet
332,69,28,2026-03-07T08:16:32,delivered,108.82,card
333,16,9,2026-03-27T03:54:32,delivered,22.21,card
334,83,27,2026-03-13T13:07:32,delivered,102.48,cash
335,162,9,2026-02-10T13:16:32,delivered,50.02,card
336,132,24,2026-01-22T15:27:32,delivered,112.87,cash
337,149,1,2026-02-14T02:32:32,delivered,102.88,card
338,179,12,2026-02-13T21:10:32,delivered,97.12,cash
339,55,16,2026-03-17T04:00:32,delivered,100.77,cash
340,145,28,2026-02-01T23:44:32,delivered,46.5,wallet
341,161,26,2026-04-07T16:46:32,delivered,9.82,card
342,110,7,2026-02-16T03:52:32,cancelled,109.85,wallet
343,71,3,2026-03-06T11:57:32,delivered,36.04,cash
344,14,13,2026-01-17T21:42:32,delivered,89.31,card
345,181,4,2026-02-17T21:47:32,placed,61.4,card
346,175,15,2026-01-28T10:19:32,placed,85.91,card
347,123,3,2026-02-17T19:44:32,delivered,18.01,card
348,77,5,2026-03-31T07:29:32,delivered,99.1,card
349,18,17,2026-01-20T20:43:32,delivered,76.36,card
350,55,21,2026-02-16T06:06:32,delivered,111.03,wallet
351,56,3,2026-01-16T02:57:32,delivered,23.68,card
352,90,14,2026-01-27T18:28:32,delivered,23.66,cash
353,142,20,2026-01-21T15:37:32,delivered,76.05,wallet
354,78,7,2026-04-09T19:56:32,delivered,65.07,wallet
355,14,26,2026-02-22T08:11:32,delivered,114.92,cash
356,128,21,2026-02-23T14:37:32,delivered,67.17,card
357,100,28,2026-02-26T07:44:32,delivered,55.14,wallet
358,121,25,2026-01-16T12:04:32,preparing,73.78,card
359,16,26,2026-03-11T11:50:32,delivered,40.09,wallet
360,180,13,2026-02-08T04:25:32,preparing,68.1,wallet
361,80,3,2026-03-25T09:47:32,delivered,30.76,card
362,151,21,2026-02-04T07:27:32,delivered,80.78,wallet
363,112,24,2026-04-05T08:08:32,cancelled,34.73,card
364,117,20,2026-04-02T04:45:32,delivered,42.64,wallet
365,31,1,2026-01-18T18:41:32,delivered,86.57,card
366,133,26,2026-02-09T06:19:32,delivered,37.04,cash
367,69,24,2026-03-27T18:03:32,delivered,94.4,card
368,135,3,2026-03-02T04:35:32,delivered,117.21,wallet
369,131,12,2026-04-04T02:23:32,preparing,104.25,card
370,198,4,2026-02-25T12:36:32,delivered,83.5,card
371,1,2,2026-03-14T18:20:32,delivered,9.38,card
372,39,6,2026-02-12T06:28:32,cancelled,104.04,wallet
373,83,8,2026-01-20T04:38:32,delivered,88.67,cash
374,31,17,2026-04-03T23:29:32,delivered,13.9,card
375,18,29,2026-02-06T16:27:32,delivered,39.62,cash
376,117,1,2026-03-03T15:17:32,delivered,40.66,cash
377,95,19,2026-01-24T10:23:32,cancelled,119.75,card
378,2,30,2026-02-03T10:43:32,delivered,34.1,cash
379,3,11,2026-01-21T18:56:32,placed,81.62,wallet
380,136,8,2026-03-05T14:39:32,delivered,115.65,card
381,60,29,2026-03-09T15:50:32,delivered,54.26,cash
382,149,4,2026-02-13T18:47:32,delivered,79.37,cash
383,16,14,2026-04-03T23:16:32,delivered,22.64,cash
384,101,23,2026-03-11T06:53:32,delivered,44.54,cash
385,52,5,2026-03-10T10:48:32,delivered,73.49,card
386,120,11,2026-03-31T12:24:32,delivered,68.02,card
387,68,28,2026-02-15T08:23:32,delivered,25.65,wallet
388,155,2,2026-03-05T19:08:32,delivered,103.94,card
389,92,13,2026-04-01T19:37:32,delivered,83.84,cash
390,116,18,2026-03-22T17:27:32,delivered,35.98,cash
391,4,2,2026-03-31T13:45:32,delivered,118.05,card
392,176,21,2026-03-19T05:29:32,cancelled,17.41,wallet
393,17,7,2026-03-11T15:51:32,cancelled,57.66,card
394,11,15,2026-04-02T07:45:32,preparing,111.5,cash
395,98,22,2026-02-22T02:51:32,delivered,47.64,card
396,39,2,2026-03-09T09:24:32,delivered,77.1,wallet
397,141,16,2026-03-07T02:26:32,preparing,39.33,card
398,135,8,2026-02-19T11:11:32,delivered,97.84,card
399,123,18,2026-02-23T19:30:32,delivered,46.53,wallet
400,70,6,2026-02-08T07:28:32,placed,74.88,card
401,121,17,2026-03-09T16:01:32,delivered,73.41,card
402,169,8,2026-03-24T14:37:32,delivered,99.42,wallet
403,100,12,2026-04-06T10:16:32,cancelled,119.05,card
404,82,26,2026-03-22T10:15:32,delivered,48.18,wallet
405,91,19,2026-04-09T19:08:32,delivered,71.07,card
406,45,16,2026-02-09T00:33:32,placed,14.29,wallet
407,123,1,2026-03-16T17:19:32,delivered,76.78,card
408,83,2,2026-02-28T19:41:32,placed,73.7,card
409,94,3,2026-03-30T00:57:32,delivered,113.5,cash
410,78,11,2026-01-28T14:31:32,delivered,25.64,cash
411,82,6,2026-01-22T02:11:32,delivered,70.94,wallet
412,151,27,2026-02-27T10:10:32,delivered,42.36,wallet
413,187,1,2026-03-07T13:41:32,cancelled,114.25,cash
414,155,11,2026-01-31T16:41:32,cancelled,116.36,card
415,128,5,2026-01-21T23:46:32,delivered,16.71,cash
416,23,27,2026-03-04T12:12:32,delivered,79.58,cash
417,54,8,2026-02-15T17:36:32,delivered,47.25,card
418,113,24,2026-04-13T16:28:32,delivered,26.63,cash
419,140,13,2026-02-09T05:30:32,delivered,61.7,wallet
420,42,15,2026-01-19T20:38:32,preparing,102.73,cash
421,27,3,2026-04-11T07:36:32,delivered,107.45,card
422,24,11,2026-04-03T23:55:32,delivered,76.73,cash
423,168,6,2026-01-13T17:25:32,delivered,56.63,card
424,49,14,2026-04-01T07:39:32,delivered,88.87,wallet
425,73,10,2026-02-03T09:10:32,delivered,13.56,wallet
426,14,12,2026-02-02T02:43:32,placed,17.81,wallet
427,52,4,2026-01-22T22:22:32,placed,27.13,cash
428,30,10,2026-04-03T01:58:32,delivered,60.75,wallet
429,140,13,2026-03-11T15:11:32,delivered,107.18,cash
430,68,15,2026-03-21T03:50:32,delivered,33.34,cash
431,193,23,2026-01-31T16:43:32,delivered,17.6,cash
432,151,8,2026-02-03T04:04:32,delivered,102.17,wallet
433,122,19,2026-02-19T00:09:32,delivered,61.34,card
434,129,19,2026-02-21T19:50:32,cancelled,97.65,wallet
435,194,15,2026-01-24T13:45:32,delivered,118.25,card
436,109,3,2026-03-20T13:50:32,cancelled,56.76,wallet
437,82,30,2026-03-25T22:36:32,delivered,98.42,card
438,142,11,2026-02-23T00:27:32,delivered,66.21,card
439,134,26,2026-01-13T22:15:32,delivered,54.42,card
440,195,4,2026-01-30T23:15:32,cancelled,71.02,card
441,89,29,2026-03-07T23:56:32,delivered,50.9,cash
442,10,6,2026-01-29T22:22:32,delivered,24.11,wallet
443,10,13,2026-01-15T19:27:32,delivered,45.13,card
444,69,29,2026-04-06T18:22:32,delivered,45.84,cash
445,126,28,2026-03-05T08:59:32,delivered,19.0,card
446,114,25,2026-03-27T08:05:32,delivered,38.18,cash
447,49,15,2026-01-25T21:47:32,delivered,100.28,wallet
448,96,27,2026-02-10T00:57:32,preparing,96.65,card
449,104,5,2026-03-04T19:20:32,delivered,66.72,wallet
450,52,27,2026-04-10T12:40:32,preparing,11.7,card
451,71,12,2026-02-25T19:40:32,delivered,64.57,wallet
452,62,12,2026-03-28T20:51:32,delivered,57.96,cash
453,89,6,2026-01-28T00:30:32,delivered,36.97,wallet
454,99,2,2026-04-02T08:51:32,delivered,72.09,card
455,174,7,2026-03-15T21:38:32,delivered,53.86,card
456,34,21,2026-01-16T17:22:32,delivered,97.7,card
457,79,23,2026-03-11T22:01:32,cancelled,79.99,cash
458,65,7,2026-02-24T06:23:32,delivered,83.85,wallet
459,2,17,2026-02-21T23:46:32,cancelled,116.25,cash
460,156,10,2026-01-31T21:14:32,delivered,20.11,card
461,84,28,2026-03-01T09:12:32,delivered,81.49,wallet
462,133,25,2026-03-06T11:43:32,delivered,14.36,wallet
463,175,5,2026-02-20T20:32:32,delivered,81.4,cash
464,100,24,2026-03-11T04:27:32,placed,87.3,wallet
465,183,8,2026-03-20T07:06:32,delivered,79.49,cash
466,77,28,2026-01-18T06:20:32,delivered,81.65,wallet
467,121,5,2026-03-21T08:46:32,delivered,89.22,wallet
468,86,21,2026-03-20T19:55:32,preparing,47.79,wallet
469,85,12,2026-03-05T04:02:32,delivered,40.93,card
470,163,19,2026-02-12T15:57:32,delivered,77.51,cash
471,175,13,2026-03-20T01:45:32,delivered,54.27,card
472,105,19,2026-03-27T11:31:32,delivered,118.5,card
473,200,3,2026-03-03T19:41:32,delivered,78.68,card
474,2,15,2026-03-03T21:49:32,delivered,93.25,card
475,196,25,2026-01-30T12:21:32,preparing,76.82,wallet
476,123,13,2026-02-18T05:25:32,placed,67.78,wallet
477,83,25,2026-02-25T16:55:32,delivered,29.34,wallet
478,64,8,2026-04-12T21:06:32,delivered,46.57,card
479,151,10,2026-03-31T05:20:32,delivered,100.27,cash
480,134,20,2026-03-07T03:06:32,delivered,56.57,wallet
481,126,12,2026-03-27T06:55:32,delivered,26.47,cash
482,187,5,2026-04-11T10:38:32,delivered,10.45,wallet
483,183,21,2026-03-23T14:29:32,delivered,50.02,wallet
484,13,20,2026-03-12T00:13:32,cancelled,82.14,wallet
485,30,14,2026-04-11T16:08:32,delivered,21.84,cash
486,53,23,2026-02-11T19:43:32,delivered,9.04,cash
487,134,9,2026-01-19T14:10:32,delivered,86.48,cash
488,159,4,2026-03-31T01:06:32,delivered,95.89,cash
489,200,9,2026-03-18T22:40:32,delivered,116.99,cash
490,42,2,2026-01-13T04:34:32,delivered,109.96,wallet
491,1,1,2026-02-11T07:37:32,delivered,109.57,wallet
492,24,25,2026-01-18T02:43:32,delivered,89.04,card
493,117,10,2026-03-11T21:38:32,delivered,13.61,card
494,174,11,2026-04-08T08:29:32,delivered,20.98,card
495,166,6,2026-04-12T13:10:32,delivered,108.19,wallet
496,96,27,2026-03-09T18:47:32,delivered,20.75,cash
497,99,23,2026-02-14T08:59:32,delivered,97.59,wallet
498,179,24,2026-03-23T14:44:32,preparing,113.56,card
499,152,16,2026-03-31T03:54:32,delivered,83.98,card
500,92,20,2026-01-25T05:03:32,placed,84.66,wallet
501,125,4,2026-03-28T01:54:32,delivered,57.36,card
502,4,23,2026-03-10T21:32:32,delivered,66.78,wallet
503,58,22,2026-01-29T18:16:32,delivered,66.14,wallet
504,111,22,2026-01-13T22:46:32,delivered,61.98,wallet
505,39,27,2026-01-16T21:28:32,delivered,107.91,wallet
506,41,17,2026-04-07T17:11:32,delivered,103.41,card
507,62,11,2026-04-04T02:32:32,cancelled,13.64,card
508,104,27,2026-02-01T21:28:32,delivered,59.42,wallet
509,128,15,2026-02-15T14:58:32,delivered,117.84,wallet
510,104,14,2026-01-20T17:46:32,placed,69.5,card
511,78,29,2026-01-25T22:12:32,delivered,31.17,wallet
512,14,27,2026-02-14T07:29:32,delivered,58.9,wallet
513,184,22,2026-01-23T22:22:32,delivered,58.68,card
514,88,12,2026-01-19T10:52:32,delivered,116.02,cash
515,180,4,2026-02-02T01:29:32,placed,26.39,card
516,157,7,2026-02-20T14:36:32,delivered,112.18,cash
517,49,23,2026-03-17T03:00:32,delivered,92.8,card
518,32,25,2026-01-21T20:15:32,delivered,59.23,wallet
519,2,17,2026-02-08T13:21:32,delivered,69.96,cash
520,131,25,2026-01-29T01:53:32,cancelled,27.85,wallet
521,33,4,2026-03-21T18:00:32,delivered,75.26,cash
522,156,30,2026-02-08T05:26:32,delivered,35.8,cash
523,35,5,2026-03-01T08:24:32,delivered,86.4,wallet
524,180,18,2026-02-07T07:59:32,delivered,87.73,wallet
525,54,20,2026-01-23T11:40:32,delivered,84.9,wallet
526,46,17,2026-03-27T19:11:32,delivered,79.33,wallet
527,123,19,2026-03-30T06:17:32,delivered,82.72,cash
528,137,10,2026-01-16T17:55:32,delivered,55.31,card
529,98,5,2026-02-06T14:51:32,preparing,14.34,cash
530,65,5,2026-03-24T08:09:32,delivered,85.35,cash
531,92,27,2026-03-18T00:50:32,delivered,77.0,wallet
532,166,18,2026-02-01T10:05:32,delivered,65.22,wallet
533,13,30,2026-03-07T19:10:32,delivered,54.66,wallet
534,4,24,2026-03-04T00:49:32,delivered,77.5,cash
535,182,21,2026-03-15T21:07:32,delivered,73.9,wallet
536,186,7,2026-01-26T11:03:32,delivered,27.87,wallet
537,189,17,2026-04-04T12:41:32,delivered,12.55,cash
538,42,19,2026-02-01T09:44:32,delivered,8.63,cash
539,40,30,2026-01-13T13:50:32,delivered,13.7,wallet
540,126,26,2026-01-24T20:33:32,delivered,48.11,wallet
541,48,17,2026-03-04T01:38:32,preparing,64.58,cash
542,24,12,2026-02-03T00:27:32,delivered,31.9,cash
543,56,25,2026-03-02T06:34:32,delivered,61.18,wallet
544,172,12,2026-01-20T17:45:32,delivered,109.3,wallet
545,175,29,2026-01-24T10:50:32,delivered,110.58,card
546,186,10,2026-02-23T09:18:32,placed,65.89,cash
547,125,2,2026-02-07T01:24:32,delivered,80.97,cash
548,43,25,2026-02-07T15:46:32,delivered,8.82,card
549,199,7,2026-03-17T20:12:32,delivered,55.51,card
550,180,29,2026-03-17T23:59:32,cancelled,94.82,wallet
551,40,1,2026-04-03T18:09:32,delivered,45.15,card
552,65,18,2026-04-04T16:41:32,preparing,100.02,cash
553,162,13,2026-02-20T05:24:32,delivered,9.89,wallet
554,165,24,2026-03-29T00:52:32,delivered,92.67,wallet
555,19,12,2026-04-07T18:58:32,cancelled,19.89,wallet
556,73,25,2026-03-05T22:47:32,cancelled,50.72,wallet
557,137,8,2026-04-10T02:42:32,delivered,51.79,wallet
558,77,22,2026-03-06T21:43:32,delivered,116.12,wallet
559,142,28,2026-01-21T06:52:32,delivered,21.8,card
560,138,18,2026-01-29T22:27:32,cancelled,42.13,wallet
561,166,28,2026-02-28T11:26:32,delivered,26.03,card
562,30,6,2026-01-25T09:40:32,delivered,71.54,card
563,141,3,2026-02-02T03:11:32,delivered,15.54,card
564,125,11,2026-03-18T18:15:32,delivered,83.19,card
565,18,29,2026-04-01T08:13:32,delivered,62.42,cash
566,178,19,2026-01-24T20:33:32,delivered,71.49,cash
567,81,8,2026-02-18T12:52:32,delivered,87.77,wallet
568,93,5,2026-02-17T08:59:32,delivered,45.14,cash
569,199,10,2026-02-13T03:30:32,delivered,20.19,wallet
570,72,28,2026-01-26T14:59:32,delivered,107.83,card
571,161,3,2026-03-10T17:56:32,delivered,107.92,wallet
572,149,19,2026-01-23T17:00:32,delivered,74.08,card
573,139,16,2026-02-02T09:18:32,delivered,24.65,cash
574,75,5,2026-03-15T23:06:32,delivered,65.17,cash
575,170,8,2026-02-26T01:52:32,delivered,98.33,wallet
576,132,5,2026-01-16T12:04:32,delivered,28.06,wallet
577,188,16,2026-01-19T13:05:32,cancelled,12.53,cash
578,95,8,2026-03-15T15:36:32,placed,31.16,cash
579,117,29,2026-02-23T01:54:32,placed,117.83,cash
580,163,27,2026-03-30T19:19:32,delivered,91.09,wallet
581,97,21,2026-02-02T23:41:32,delivered,73.82,card
582,58,17,2026-02-06T09:28:32,delivered,99.53,cash
583,155,1,2026-02-10T01:56:32,delivered,23.56,card
584,165,9,2026-03-15T15:20:32,delivered,28.93,cash
585,31,22,2026-01-25T19:00:32,delivered,98.85,wallet
586,123,16,2026-03-30T02:09:32,delivered,26.06,cash
587,33,19,2026-04-11T10:50:32,delivered,23.09,wallet
588,15,6,2026-04-07T23:43:32,delivered,28.16,cash
589,5,29,2026-01-26T23:12:32,delivered,82.12,cash
590,156,16,2026-04-03T11:24:32,delivered,27.1,cash
591,150,27,2026-01-27T13:02:32,delivered,77.8,wallet
592,176,11,2026-03-11T12:06:32,cancelled,74.81,card
593,34,4,2026-03-15T05:28:32,placed,66.54,wallet
594,39,20,2026-01-16T04:00:32,preparing,61.3,wallet
595,137,17,2026-01-27T15:56:32,delivered,18.44,wallet
596,1,29,2026-03-27T22:18:32,cancelled,84.0,cash
597,12,23,2026-02-06T04:29:32,delivered,33.7,cash
598,190,30,2026-02-24T06:15:32,delivered,86.03,card
599,123,25,2026-02-18T13:36:32,delivered,104.21,cash
600,66,7,2026-01-27T00:26:32,placed,91.29,card
601,134,1,2026-01-30T01:45:32,delivered,31.01,cash
602,40,14,2026-02-20T06:46:32,delivered,36.41,wallet
603,157,9,2026-02-17T23:29:32,cancelled,52.51,card
604,143,16,2026-02-20T00:02:32,delivered,70.62,cash
605,89,25,2026-03-12T08:16:32,delivered,90.41,wallet
606,115,26,2026-03-28T18:38:32,delivered,26.12,card
607,87,26,2026-02-07T05:02:32,delivered,86.07,wallet
608,163,1,2026-04-07T12:28:32,delivered,100.2,cash
609,17,9,2026-01-27T04:47:32,delivered,16.96,card
610,168,17,2026-02-23T05:13:32,delivered,115.92,card
611,113,1,2026-03-21T21:21:32,delivered,81.57,wallet
612,154,17,2026-03-08T11:50:32,delivered,33.95,card
613,62,21,2026-01-17T16:29:32,placed,25.63,cash
614,102,13,2026-02-21T06:10:32,delivered,65.99,wallet
615,24,18,2026-01-13T14:54:32,delivered,100.93,wallet
616,71,8,2026-02-28T06:00:32,delivered,29.79,cash
617,45,14,2026-01-30T17:36:32,delivered,70.57,wallet
618,132,9,2026-03-07T07:45:32,delivered,99.07,wallet
619,97,19,2026-03-11T19:24:32,delivered,35.25,cash
620,151,28,2026-02-13T20:23:32,placed,21.02,card
621,57,22,2026-02-23T21:02:32,delivered,97.62,cash
622,3,23,2026-02-27T01:18:32,delivered,35.8,card
623,88,3,2026-02-20T20:05:32,delivered,27.99,cash
624,147,9,2026-02-27T10:55:32,delivered,91.57,card
625,61,24,2026-02-08T18:40:32,delivered,37.73,card
626,159,12,2026-03-19T09:59:32,delivered,19.95,card
627,158,1,2026-01-16T20:21:32,delivered,68.65,card
628,81,16,2026-02-11T06:13:32,delivered,106.67,wallet
629,196,30,2026-03-09T02:41:32,delivered,52.56,wallet
630,109,16,2026-03-28T16:19:32,cancelled,11.65,cash
631,45,15,2026-02-21T20:03:32,cancelled,86.2,cash
632,4,22,2026-03-03T19:52:32,delivered,73.07,cash
633,67,6,2026-02-25T21:57:32,delivered,34.56,cash
634,48,16,2026-01-25T07:29:32,delivered,54.94,cash
635,116,6,2026-02-26T05:35:32,delivered,117.68,wallet
636,70,26,2026-03-15T14:06:32,delivered,56.41,cash
637,190,5,2026-03-19T13:01:32,delivered,9.09,cash
638,162,17,2026-02-09T12:55:32,delivered,43.36,cash
639,146,2,2026-03-06T09:17:32,delivered,85.34,card
640,162,4,2026-03-17T09:22:32,delivered,45.48,cash
641,66,12,2026-02-26T00:17:32,placed,21.58,wallet
642,148,21,2026-01-26T11:16:32,delivered,27.55,cash
643,131,16,2026-02-27T07:09:32,delivered,58.06,card
644,119,21,2026-02-23T22:34:32,cancelled,105.24,wallet
645,157,19,2026-03-01T04:12:32,delivered,109.59,card
646,81,11,2026-03-24T07:38:32,delivered,87.57,wallet
647,114,25,2026-01-21T05:35:32,delivered,48.67,wallet
648,43,6,2026-02-06T03:26:32,delivered,22.0,card
649,180,24,2026-01-19T09:05:32,preparing,26.69,card
650,122,18,2026-04-01T14:53:32,preparing,94.34,wallet
651,159,5,2026-04-03T14:36:32,preparing,112.34,cash
652,189,10,2026-03-05T10:37:32,delivered,22.16,wallet
653,170,12,2026-03-23T17:50:32,delivered,44.42,cash
654,70,18,2026-02-12T23:53:32,delivered,116.59,wallet
655,153,15,2026-02-03T12:15:32,delivered,79.22,wallet
656,164,18,2026-02-17T01:12:32,delivered,46.88,wallet
657,79,12,2026-03-15T15:24:32,delivered,25.44,card
658,195,28,2026-04-13T01:00:32,delivered,40.12,wallet
659,126,25,2026-04-11T18:53:32,delivered,9.02,cash
660,2,18,2026-03-06T22:38:32,delivered,54.11,wallet
661,42,23,2026-02-17T05:37:32,delivered,51.65,cash
662,109,21,2026-03-16T09:47:32,delivered,93.63,wallet
663,73,21,2026-01-14T20:35:32,delivered,98.59,cash
664,35,10,2026-03-20T15:41:32,delivered,59.0,cash
665,126,7,2026-03-09T19:13:32,delivered,25.04,wallet
666,73,9,2026-04-11T12:46:32,delivered,57.1,card
667,4,16,2026-03-15T15:43:32,delivered,55.07,cash
668,9,11,2026-02-25T03:08:32,preparing,92.06,card
669,101,3,2026-04-06T09:03:32,delivered,28.34,cash
670,197,23,2026-02-24T17:45:32,delivered,94.38,cash
671,51,15,2026-03-12T18:50:32,delivered,18.52,wallet
672,175,10,2026-03-18T02:28:32,cancelled,25.76,wallet
673,141,17,2026-04-07T17:53:32,delivered,61.9,cash
674,14,28,2026-03-19T05:56:32,delivered,117.01,card
675,4,6,2026-01-22T04:32:32,delivered,73.49,cash
676,149,26,2026-03-13T17:50:32,delivered,85.1,card
677,41,16,2026-02-25T15:37:32,preparing,77.29,wallet
678,166,5,2026-04-06T16:30:32,delivered,96.64,card
679,143,26,2026-02-10T10:32:32,delivered,46.9,cash
680,97,12,2026-03-20T17:08:32,delivered,36.08,card
681,144,10,2026-02-09T19:24:32,delivered,62.89,wallet
682,83,24,2026-03-21T00:30:32,delivered,105.18,wallet
683,136,5,2026-02-02T12:48:32,delivered,99.77,wallet
684,199,21,2026-02-26T03:52:32,delivered,90.17,card
685,159,8,2026-01-24T06:03:32,delivered,15.09,wallet
686,175,16,2026-02-23T11:19:32,delivered,25.26,cash
687,83,4,2026-03-03T04:11:32,preparing,81.8,card
688,9,7,2026-03-28T11:57:32,delivered,29.46,card
689,100,22,2026-01-29T20:59:32,delivered,77.88,wallet
690,57,20,2026-03-12T16:29:32,delivered,9.47,card
691,21,15,2026-01-20T01:53:32,delivered,14.8,wallet
692,182,2,2026-02-19T06:02:32,delivered,37.77,card
693,56,17,2026-04-04T08:48:32,preparing,89.22,wallet
694,135,22,2026-02-23T11:40:32,delivered,78.04,card
695,107,24,2026-01-31T18:17:32,delivered,79.53,cash
696,171,14,2026-01-17T03:08:32,delivered,26.68,card
697,87,22,2026-02-02T05:20:32,delivered,119.82,cash
698,84,28,2026-02-27T07:17:32,delivered,93.59,cash
699,145,18,2026-03-02T22:37:32,delivered,93.76,wallet
700,115,13,2026-03-12T06:24:32,placed,11.88,cash
701,35,29,2026-01-27T17:19:32,delivered,41.64,card
702,198,27,2026-03-17T07:51:32,cancelled,100.1,wallet
703,147,5,2026-02-07T00:16:32,preparing,59.56,card
704,150,8,2026-03-27T09:29:32,delivered,98.84,card
705,56,24,2026-01-30T05:16:32,preparing,44.37,cash
706,177,23,2026-03-22T02:00:32,delivered,109.66,wallet
707,188,26,2026-01-21T08:50:32,delivered,16.79,card
708,112,14,2026-03-02T05:56:32,cancelled,21.5,card
709,3,21,2026-01-19T21:53:32,delivered,50.84,cash
710,139,19,2026-02-05T16:32:32,delivered,64.27,card
711,188,13,2026-03-25T16:09:32,cancelled,92.32,wallet
712,111,10,2026-02-08T15:38:32,delivered,24.58,cash
713,191,2,2026-04-03T02:16:32,delivered,37.41,cash
714,179,5,2026-02-08T04:03:32,delivered,61.86,card
715,147,7,2026-02-10T05:11:32,delivered,119.67,wallet
716,69,25,2026-03-13T10:48:32,delivered,84.69,wallet
717,106,14,2026-04-02T14:10:32,delivered,29.33,cash
718,198,10,2026-01-26T21:51:32,delivered,47.17,cash
719,12,30,2026-01-24T13:24:32,delivered,30.36,cash
720,22,4,2026-03-24T17:58:32,delivered,35.22,wallet
721,88,23,2026-03-26T08:52:32,delivered,42.17,cash
722,190,18,2026-04-11T07:39:32,delivered,69.2,cash
723,187,5,2026-02-02T02:13:32,delivered,82.85,cash
724,12,9,2026-01-28T20:19:32,delivered,39.81,wallet
725,120,21,2026-01-24T09:49:32,cancelled,15.46,wallet
726,169,12,2026-03-09T19:58:32,delivered,10.14,wallet
727,131,23,2026-02-23T10:28:32,preparing,43.33,wallet
728,51,17,2026-02-04T15:41:32,cancelled,70.8,wallet
729,136,10,2026-04-11T16:37:32,delivered,52.06,card
730,91,12,2026-04-11T06:09:32,delivered,34.45,wallet
731,66,29,2026-03-09T16:12:32,delivered,119.99,card
732,39,11,2026-02-01T09:38:32,delivered,81.58,card
733,157,28,2026-02-24T01:09:32,delivered,33.47,card
734,80,30,2026-01-30T13:25:32,delivered,58.31,card
735,149,18,2026-03-17T21:44:32,delivered,30.66,card
736,135,30,2026-03-04T19:07:32,delivered,119.52,card
737,41,11,2026-01-19T22:54:32,preparing,67.69,wallet
738,38,24,2026-03-29T12:32:32,placed,43.69,cash
739,191,30,2026-02-20T08:24:32,delivered,79.33,wallet
740,49,4,2026-03-09T13:03:32,delivered,10.93,wallet
741,146,20,2026-01-25T09:14:32,delivered,34.0,wallet
742,177,25,2026-04-10T06:47:32,delivered,64.26,wallet
743,96,6,2026-02-11T19:11:32,delivered,63.04,card
744,9,14,2026-03-24T11:38:32,delivered,9.68,cash
745,172,7,2026-02-20T10:05:32,delivered,15.41,cash
746,84,28,2026-01-25T02:08:32,delivered,35.64,cash
747,98,24,2026-04-07T22:05:32,delivered,76.49,wallet
748,135,21,2026-01-29T22:18:32,delivered,96.14,wallet
749,11,29,2026-03-31T03:23:32,cancelled,66.09,cash
750,133,25,2026-04-08T00:28:32,delivered,13.52,cash
751,78,25,2026-02-16T04:56:32,delivered,59.67,cash
752,14,23,2026-03-06T21:54:32,delivered,23.93,wallet
753,129,4,2026-02-15T15:06:32,delivered,73.57,wallet
754,106,11,2026-02-03T13:27:32,delivered,28.03,wallet
755,65,11,2026-03-19T03:47:32,delivered,109.6,card
756,181,15,2026-03-29T15:45:32,delivered,17.55,wallet
757,131,20,2026-02-22T18:02:32,cancelled,50.41,cash
758,86,19,2026-04-08T11:54:32,delivered,104.62,card
759,183,2,2026-03-26T12:03:32,delivered,42.67,cash
760,31,29,2026-03-07T21:41:32,delivered,30.72,wallet
761,128,28,2026-03-12T17:23:32,delivered,98.43,wallet
762,151,22,2026-02-09T10:39:32,delivered,53.94,card
763,63,29,2026-01-26T22:52:32,delivered,77.41,wallet
764,38,2,2026-03-18T16:41:32,delivered,12.11,card
765,155,10,2026-01-17T22:59:32,delivered,17.82,card
766,173,10,2026-02-19T12:42:32,delivered,85.45,wallet
767,117,24,2026-01-30T00:41:32,delivered,112.33,card
768,98,27,2026-03-06T07:29:32,preparing,55.86,wallet
769,35,4,2026-04-05T08:22:32,delivered,38.73,wallet
770,179,7,2026-02-20T01:39:32,delivered,20.24,wallet
771,124,24,2026-01-23T01:47:32,delivered,112.6,wallet
772,82,9,2026-03-08T04:14:32,delivered,119.44,cash
773,128,17,2026-03-27T22:16:32,delivered,63.75,card
774,75,7,2026-01-25T10:07:32,placed,10.69,wallet
775,54,26,2026-03-28T17:58:32,delivered,54.44,card
776,164,7,2026-03-02T06:17:32,placed,30.53,cash
777,77,17,2026-03-12T15:33:32,delivered,93.91,card
778,102,24,2026-01-16T07:31:32,delivered,115.53,card
779,87,30,2026-03-20T06:59:32,delivered,110.61,card
780,40,21,2026-01-21T13:22:32,delivered,104.91,cash
781,191,2,2026-02-13T03:53:32,delivered,41.53,wallet
782,138,1,2026-01-17T07:17:32,delivered,84.78,cash
783,8,11,2026-04-05T13:35:32,cancelled,78.17,card
784,48,20,2026-01-29T22:28:32,delivered,95.62,cash
785,9,9,2026-01-13T07:07:32,delivered,63.67,card
786,78,7,2026-02-25T02:59:32,delivered,27.6,cash
787,24,15,2026-04-09T10:54:32,delivered,97.49,wallet
788,124,24,2026-03-25T11:31:32,delivered,42.76,cash
789,133,22,2026-03-26T14:00:32,cancelled,30.98,card
790,134,4,2026-02-14T05:07:32,placed,112.42,wallet
791,120,29,2026-01-27T15:31:32,placed,66.3,wallet
792,195,10,2026-03-05T17:16:32,delivered,31.5,card
793,137,11,2026-03-20T08:35:32,delivered,83.17,cash
794,30,1,2026-03-25T12:35:32,cancelled,70.68,card
795,141,11,2026-03-18T00:30:32,delivered,113.65,cash
796,19,10,2026-01-30T10:42:32,delivered,45.94,cash
797,121,29,2026-04-07T13:51:32,delivered,19.86,card
798,46,23,2026-04-02T04:27:32,delivered,74.39,wallet
799,92,10,2026-01-14T03:13:32,delivered,30.19,wallet
800,194,25,2026-02-04T14:53:32,delivered,22.76,wallet
801,80,22,2026-02-13T14:23:32,delivered,93.85,cash
802,158,9,2026-03-15T10:43:32,cancelled,51.91,wallet
803,84,15,2026-01-18T07:02:32,delivered,15.32,card
804,44,10,2026-02-28T02:23:32,delivered,75.7,card
805,183,26,2026-02-07T14:27:32,delivered,70.29,card
806,103,19,2026-03-06T00:23:32,delivered,77.54,wallet
807,17,11,2026-03-24T02:28:32,delivered,85.73,cash
808,88,18,2026-02-16T23:02:32,delivered,27.39,wallet
809,183,19,2026-04-03T17:53:32,delivered,20.8,wallet
810,25,27,2026-02-13T07:17:32,delivered,42.5,cash
811,176,27,2026-04-04T22:46:32,delivered,99.82,cash
812,16,3,2026-02-08T21:10:32,delivered,23.56,wallet
813,38,22,2026-01-22T17:04:32,delivered,67.5,cash
814,51,7,2026-01-24T23:24:32,delivered,43.46,wallet
815,112,23,2026-01-17T07:54:32,cancelled,46.56,card
816,131,13,2026-01-29T17:13:32,delivered,103.48,card
817,1,23,2026-02-25T00:49:32,delivered,117.61,card
818,111,23,2026-03-08T17:37:32,delivered,78.02,wallet
819,112,18,2026-02-24T05:28:32,delivered,27.42,card
820,93,27,2026-03-20T00:28:32,delivered,40.31,wallet
821,19,21,2026-03-28T13:52:32,placed,88.79,cash
822,22,5,2026-01-19T04:44:32,delivered,54.58,cash
823,109,20,2026-01-13T21:53:32,delivered,65.05,wallet
824,58,6,2026-02-15T05:30:32,delivered,8.83,cash
825,69,14,2026-03-13T19:20:32,cancelled,72.55,card
826,181,12,2026-04-08T23:22:32,delivered,61.93,wallet
827,188,17,2026-04-03T13:06:32,cancelled,118.17,cash
828,134,29,2026-02-13T01:47:32,delivered,35.47,wallet
829,176,21,2026-01-18T20:48:32,delivered,72.92,wallet
830,200,1,2026-04-07T07:18:32,delivered,65.42,cash
831,108,12,2026-01-29T18:31:32,cancelled,97.4,cash
832,153,24,2026-03-23T16:08:32,delivered,95.92,cash
833,149,6,2026-04-05T21:22:32,delivered,81.51,cash
834,125,3,2026-01-24T17:34:32,delivered,16.61,cash
835,72,9,2026-03-12T13:13:32,delivered,9.59,card
836,152,24,2026-01-26T11:54:32,delivered,58.03,card
837,125,6,2026-03-10T19:37:32,delivered,104.55,cash
838,40,27,2026-04-03T13:14:32,delivered,119.28,cash
839,186,21,2026-03-13T20:24:32,delivered,72.71,cash
840,194,27,2026-04-06T21:36:32,delivered,26.77,cash
841,192,25,2026-02-12T08:22:32,cancelled,34.17,wallet
842,68,5,2026-01-13T05:22:32,delivered,56.69,cash
843,81,17,2026-02-15T05:09:32,delivered,12.59,wallet
844,111,20,2026-01-22T05:58:32,cancelled,104.14,cash
845,26,9,2026-03-10T09:01:32,delivered,51.81,wallet
846,151,25,2026-03-13T18:09:32,delivered,45.79,wallet
847,3,22,2026-03-21T07:17:32,placed,15.61,cash
848,176,15,2026-04-01T01:46:32,delivered,89.23,cash
849,159,3,2026-03-20T16:51:32,preparing,74.54,card
850,182,4,2026-01-26T21:45:32,preparing,75.72,cash
851,48,29,2026-01-18T21:16:32,delivered,28.64,cash
852,20,21,2026-02-12T19:53:32,delivered,119.47,cash
853,198,11,2026-01-14T20:03:32,delivered,95.44,cash
854,86,2,2026-04-06T05:28:32,delivered,99.03,card
855,52,20,2026-02-16T15:21:32,delivered,80.29,card
856,111,7,2026-03-26T00:03:32,delivered,19.9,cash
857,19,3,2026-03-11T14:50:32,delivered,36.07,cash
858,168,21,2026-04-11T02:43:32,placed,12.24,cash
859,85,29,2026-03-10T13:08:32,delivered,8.41,wallet
860,104,28,2026-02-10T02:25:32,delivered,98.97,card
861,99,23,2026-02-03T10:52:32,delivered,61.99,wallet
862,175,10,2026-02-04T06:31:32,delivered,78.81,wallet
863,88,3,2026-04-02T06:18:32,delivered,93.17,cash
864,142,2,2026-01-21T11:41:32,cancelled,82.0,cash
865,28,21,2026-01-14T04:55:32,delivered,62.49,wallet
866,36,2,2026-02-15T18:40:32,delivered,88.61,wallet
867,17,26,2026-03-14T02:28:32,delivered,42.47,wallet
868,87,2,2026-02-15T17:50:32,delivered,88.75,cash
869,168,22,2026-03-29T11:01:32,delivered,113.29,wallet
870,60,30,2026-03-24T18:15:32,preparing,90.37,cash
871,159,2,2026-01-20T17:22:32,delivered,80.66,card
872,79,27,2026-03-21T21:49:32,delivered,59.09,card
873,28,4,2026-01-28T15:00:32,delivered,97.51,card
874,87,26,2026-04-05T11:25:32,delivered,90.65,cash
875,148,18,2026-03-03T14:09:32,delivered,101.68,card
876,86,3,2026-04-07T23:41:32,delivered,23.82,cash
877,142,6,2026-03-22T19:29:32,delivered,111.68,card
878,162,20,2026-03-27T14:02:32,delivered,25.67,cash
879,46,30,2026-04-03T17:52:32,preparing,81.0,cash
880,198,16,2026-02-18T19:01:32,delivered,31.09,wallet
881,106,8,2026-03-10T01:24:32,cancelled,76.38,card
882,128,20,2026-01-27T12:07:32,cancelled,78.25,cash
883,143,8,2026-02-28T04:52:32,delivered,118.5,card
884,195,18,2026-01-24T05:57:32,delivered,59.99,wallet
885,14,7,2026-01-19T11:35:32,delivered,24.71,cash
886,172,30,2026-02-09T12:42:32,placed,80.22,cash
887,86,20,2026-03-18T04:36:32,delivered,92.94,card
888,138,6,2026-03-30T18:49:32,delivered,11.26,wallet
889,61,24,2026-03-30T14:55:32,delivered,72.93,cash
890,84,8,2026-03-18T18:09:32,delivered,44.53,card
891,52,13,2026-03-13T18:26:32,delivered,16.24,wallet
892,112,5,2026-02-10T15:56:32,delivered,76.26,card
893,118,24,2026-02-23T06:44:32,delivered,48.16,cash
894,9,23,2026-03-19T07:44:32,delivered,39.43,card
895,44,25,2026-02-13T03:26:32,delivered,107.28,wallet
896,44,19,2026-03-23T21:13:32,cancelled,103.76,card
897,56,19,2026-02-20T01:21:32,delivered,59.83,card
898,64,8,2026-02-17T17:57:32,delivered,72.9,wallet
899,2,14,2026-03-24T22:55:32,cancelled,12.49,cash
900,136,13,2026-02-08T16:25:32,delivered,97.38,card
901,22,18,2026-02-15T02:37:32,delivered,85.63,cash
902,76,8,2026-03-17T13:30:32,delivered,18.16,cash
903,181,15,2026-01-18T08:42:32,delivered,91.7,card
904,36,28,2026-02-14T03:03:32,delivered,28.71,cash
905,163,1,2026-01-23T03:07:32,delivered,15.92,wallet
906,76,14,2026-03-02T01:50:32,delivered,86.18,wallet
907,54,26,2026-02-02T23:02:32,delivered,77.49,cash
908,173,12,2026-04-06T00:54:32,delivered,20.43,cash
909,94,12,2026-02-12T22:50:32,delivered,70.58,card
910,53,5,2026-01-31T19:03:32,cancelled,34.73,card
911,193,19,2026-01-20T02:05:32,delivered,86.72,wallet
912,69,17,2026-03-16T07:30:32,delivered,39.04,card
913,125,17,2026-02-25T06:24:32,delivered,21.74,wallet
914,137,29,2026-02-03T20:00:32,delivered,77.55,wallet
915,118,3,2026-01-15T15:40:32,preparing,108.57,cash
916,71,4,2026-04-04T14:42:32,delivered,63.59,card
917,76,14,2026-02-05T21:51:32,cancelled,68.64,card
918,114,24,2026-02-12T06:26:32,delivered,40.65,card
919,134,21,2026-04-11T09:59:32,delivered,72.81,wallet
920,152,22,2026-01-21T07:21:32,delivered,102.29,cash
921,34,29,2026-02-14T08:16:32,delivered,27.23,cash
922,74,25,2026-03-15T02:29:32,delivered,24.61,cash
923,42,23,2026-02-14T12:13:32,delivered,28.42,card
924,171,26,2026-01-12T18:55:32,delivered,34.65,card
925,113,9,2026-03-03T23:44:32,delivered,30.98,wallet
926,89,5,2026-04-08T20:32:32,delivered,68.47,card
927,7,13,2026-02-04T08:45:32,cancelled,94.07,cash
928,190,18,2026-03-04T13:52:32,cancelled,45.1,wallet
929,75,25,2026-03-07T01:55:32,cancelled,72.26,card
930,114,11,2026-01-30T17:54:32,delivered,89.94,card
931,30,10,2026-03-26T20:17:32,placed,77.16,card
932,84,2,2026-02-15T06:47:32,delivered,29.86,wallet
933,6,3,2026-03-16T09:40:32,delivered,57.89,wallet
934,50,16,2026-04-02T01:27:32,delivered,75.77,card
935,38,23,2026-01-18T06:27:32,delivered,49.4,cash
936,90,10,2026-04-12T08:30:32,cancelled,105.92,card
937,114,24,2026-03-16T17:56:32,cancelled,98.01,cash
938,109,24,2026-03-23T17:55:32,delivered,23.63,wallet
939,54,10,2026-01-27T15:43:32,delivered,105.16,cash
940,97,3,2026-04-04T23:04:32,placed,79.55,cash
941,119,23,2026-02-19T12:17:32,delivered,110.47,card
942,142,16,2026-03-21T05:34:32,placed,100.54,wallet
943,190,15,2026-03-06T02:17:32,delivered,96.62,card
944,163,16,2026-03-11T08:12:32,delivered,82.58,cash
945,177,21,2026-02-19T12:21:32,delivered,21.37,cash
946,191,12,2026-02-09T15:14:32,delivered,71.34,cash
947,178,27,2026-01-22T20:22:32,delivered,65.4,wallet
948,149,2,2026-04-11T09:42:32,delivered,59.64,wallet
949,14,9,2026-03-27T06:42:32,delivered,79.26,cash
950,136,21,2026-04-07T08:34:32,cancelled,65.55,wallet
951,193,6,2026-03-21T14:14:32,delivered,105.71,wallet
952,179,23,2026-03-06T09:09:32,delivered,67.86,cash
953,133,10,2026-03-26T17:44:32,delivered,62.31,cash
954,40,17,2026-03-24T14:39:32,delivered,29.1,wallet
955,135,28,2026-01-24T18:59:32,delivered,69.72,card
956,20,4,2026-02-19T02:54:32,delivered,111.42,cash
957,93,5,2026-02-28T08:08:32,delivered,107.65,wallet
958,182,10,2026-02-06T07:41:32,placed,99.23,card
959,177,8,2026-03-27T19:43:32,delivered,31.5,card
960,29,3,2026-02-17T19:04:32,placed,62.24,cash
961,9,26,2026-04-08T11:46:32,delivered,74.44,cash
962,17,10,2026-03-29T09:50:32,delivered,92.51,card
963,52,6,2026-01-26T11:15:32,delivered,11.28,card
964,91,6,2026-03-08T23:30:32,delivered,95.45,wallet
965,18,4,2026-03-14T01:16:32,delivered,93.48,wallet
966,73,6,2026-03-16T19:40:32,cancelled,68.16,wallet
967,130,28,2026-04-01T10:54:32,delivered,49.04,wallet
968,28,6,2026-03-21T03:09:32,delivered,117.91,cash
969,105,4,2026-03-17T01:38:32,delivered,43.2,cash
970,127,25,2026-03-30T01:44:32,delivered,40.29,wallet
971,127,4,2026-04-08T15:32:32,delivered,59.18,wallet
972,114,8,2026-03-04T19:59:32,delivered,40.55,cash
973,122,22,2026-03-20T14:55:32,delivered,9.43,wallet
974,102,15,2026-02-09T20:46:32,delivered,83.77,card
975,178,19,2026-03-26T05:27:32,cancelled,91.04,card
976,87,7,2026-04-05T06:40:32,delivered,118.95,card
977,128,9,2026-03-15T04:06:32,delivered,93.79,wallet
978,92,16,2026-03-09T21:27:32,delivered,114.42,cash
979,197,15,2026-02-07T09:43:32,delivered,36.08,cash
980,8,4,2026-03-14T21:44:32,delivered,100.99,cash
981,98,20,2026-01-17T17:41:32,delivered,25.11,wallet
982,20,22,2026-01-24T14:04:32,delivered,93.97,cash
983,128,16,2026-03-19T08:10:32,delivered,68.75,wallet
984,9,14,2026-02-03T17:04:32,delivered,21.34,cash
985,118,2,2026-03-04T05:24:32,placed,70.35,cash
986,111,5,2026-01-13T12:21:32,delivered,51.58,card
987,169,18,2026-01-30T20:21:32,delivered,72.09,cash
988,15,13,2026-02-01T12:20:32,delivered,74.2,cash
989,197,10,2026-01-24T20:30:32,delivered,11.15,card
990,190,19,2026-03-28T06:30:32,placed,107.83,cash
991,89,12,2026-02-24T14:25:32,delivered,14.32,card
992,80,19,2026-03-13T10:11:32,preparing,85.06,cash
993,6,18,2026-03-30T07:42:32,delivered,59.62,cash
994,108,9,2026-01-31T00:55:32,placed,60.61,card
995,100,11,2026-03-04T05:16:32,delivered,98.53,card
996,87,16,2026-01-14T20:39:32,delivered,93.67,cash
997,94,14,2026-03-22T22:33:32,delivered,79.17,card
998,68,2,2026-02-04T11:34:32,delivered,72.23,card
999,184,28,2026-01-23T18:47:32,delivered,74.29,cash
1000,136,16,2026-04-04T23:01:32,delivered,46.9,card
1001,77,14,2026-01-20T08:20:32,delivered,43.1,cash
1002,132,15,2026-02-21T09:13:32,delivered,69.33,card
1003,48,19,2026-01-22T19:19:32,delivered,82.01,wallet
1004,164,18,2026-02-13T08:53:32,delivered,103.51,cash
1005,16,17,2026-01-30T18:12:32,delivered,59.8,card
1006,196,10,2026-03-24T18:09:32,delivered,53.95,card
1007,106,9,2026-01-22T10:58:32,delivered,80.36,cash
1008,104,8,2026-01-15T22:37:32,delivered,29.49,card
1009,144,14,2026-03-05T03:21:32,delivered,109.43,card
1010,8,9,2026-03-24T09:44:32,delivered,39.11,wallet
1011,11,24,2026-03-21T20:58:32,delivered,10.23,card
1012,17,29,2026-03-03T22:33:32,cancelled,108.44,wallet
1013,186,27,2026-01-19T15:27:32,delivered,20.54,wallet
1014,171,27,2026-02-08T14:19:32,delivered,94.81,wallet
1015,24,8,2026-03-12T01:56:32,delivered,94.6,cash
1016,100,26,2026-03-01T23:05:32,delivered,34.43,cash
1017,45,7,2026-03-17T13:46:32,cancelled,57.22,cash
1018,137,12,2026-01-28T16:21:32,delivered,20.65,wallet
1019,64,9,2026-02-18T02:09:32,delivered,112.94,cash
1020,79,1,2026-02-11T19:29:32,delivered,109.39,card
1021,172,8,2026-01-19T16:08:32,delivered,51.09,wallet
1022,176,4,2026-01-14T05:55:32,delivered,34.47,cash
1023,101,30,2026-02-23T16:54:32,cancelled,36.62,card
1024,42,30,2026-03-14T08:39:32,delivered,43.52,wallet
1025,21,27,2026-02-20T16:35:32,delivered,63.07,wallet
1026,109,29,2026-02-20T07:07:32,cancelled,19.24,card
1027,17,12,2026-01-14T09:20:32,delivered,89.67,wallet
1028,8,25,2026-03-03T03:08:32,preparing,79.86,wallet
1029,1,13,2026-02-15T21:44:32,delivered,42.22,wallet
1030,64,17,2026-04-03T14:42:32,delivered,93.97,wallet
1031,106,26,2026-03-27T22:09:32,cancelled,58.57,wallet
1032,176,19,2026-03-27T09:41:32,delivered,97.55,card
1033,47,13,2026-04-03T04:29:32,delivered,113.81,wallet
1034,143,21,2026-03-16T17:51:32,delivered,33.62,card
1035,180,28,2026-02-13T11:36:32,delivered,52.92,cash
1036,23,12,2026-01-27T09:43:32,delivered,71.53,card
1037,117,27,2026-02-05T04:03:32,delivered,21.27,wallet
1038,69,10,2026-03-18T10:57:32,delivered,50.79,cash
1039,73,24,2026-03-17T22:39:32,delivered,54.85,cash
1040,68,8,2026-03-26T17:34:32,delivered,109.62,cash
1041,118,3,2026-01-28T20:11:32,placed,22.92,cash
1042,55,23,2026-01-15T05:09:32,delivered,55.41,wallet
1043,143,2,2026-03-12T15:46:32,preparing,112.28,cash
1044,154,23,2026-02-26T22:10:32,delivered,13.1,cash
1045,78,13,2026-02-07T22:28:32,delivered,22.81,wallet
1046,67,6,2026-04-07T23:41:32,delivered,112.2,cash
1047,182,17,2026-03-28T15:32:32,delivered,37.17,cash
1048,72,24,2026-04-08T13:21:32,delivered,56.17,cash
1049,81,14,2026-01-25T09:19:32,delivered,43.34,cash
1050,169,21,2026-03-24T23:58:32,delivered,13.96,card
1051,10,16,2026-04-07T10:41:32,delivered,87.07,cash
1052,114,12,2026-03-30T02:50:32,cancelled,70.82,cash
1053,185,28,2026-02-09T13:58:32,delivered,47.16,card
1054,44,24,2026-03-08T11:59:32,delivered,38.55,wallet
1055,2,17,2026-01-29T11:15:32,delivered,28.22,card
1056,25,29,2026-03-13T02:09:32,delivered,39.84,wallet
1057,152,30,2026-03-29T05:29:32,cancelled,101.74,card
1058,182,22,2026-04-10T15:23:32,delivered,78.38,cash
1059,85,2,2026-01-26T20:52:32,delivered,114.5,cash
1060,13,26,2026-01-31T13:39:32,delivered,44.2,card
1061,98,3,2026-04-04T00:14:32,delivered,27.94,cash
1062,54,6,2026-04-02T16:58:32,delivered,53.07,wallet
1063,77,16,2026-01-20T13:45:32,delivered,90.42,cash
1064,92,22,2026-01-15T22:44:32,preparing,49.16,card
1065,100,16,2026-02-10T02:56:32,delivered,75.24,card
1066,48,14,2026-02-18T06:13:32,delivered,18.41,wallet
1067,58,21,2026-03-01T03:09:32,delivered,25.37,cash
1068,135,3,2026-02-04T21:11:32,delivered,56.98,cash
1069,176,29,2026-03-06T13:44:32,delivered,35.85,cash
1070,142,3,2026-03-06T23:49:32,cancelled,65.5,wallet
1071,119,22,2026-02-18T04:46:32,delivered,99.04,cash
1072,197,17,2026-03-11T23:47:32,placed,90.94,cash
1073,101,2,2026-03-22T11:59:32,preparing,106.2,cash
1074,117,25,2026-03-03T23:06:32,delivered,77.87,cash
1075,48,3,2026-03-01T12:39:32,delivered,75.65,wallet
1076,5,1,2026-03-31T04:18:32,delivered,9.49,wallet
1077,104,28,2026-02-11T03:08:32,delivered,91.36,wallet
1078,158,12,2026-02-10T08:13:32,delivered,115.87,wallet
1079,33,5,2026-02-22T08:47:32,placed,20.53,card
1080,7,7,2026-01-14T10:58:32,delivered,24.26,card
1081,138,7,2026-02-16T20:58:32,preparing,94.21,card
1082,30,6,2026-02-12T04:51:32,cancelled,90.74,cash
1083,116,19,2026-02-10T02:51:32,delivered,41.02,cash
1084,27,21,2026-04-07T07:52:32,delivered,56.36,cash
1085,153,24,2026-02-08T18:15:32,delivered,40.57,cash
1086,152,24,2026-02-21T02:20:32,delivered,84.01,cash
1087,136,1,2026-03-14T19:49:32,delivered,43.38,card
1088,122,4,2026-03-09T21:26:32,delivered,113.16,cash
1089,6,6,2026-02-14T19:25:32,delivered,29.53,cash
1090,57,19,2026-02-16T10:20:32,cancelled,45.99,wallet
1091,76,24,2026-01-19T03:44:32,delivered,115.5,wallet
1092,121,26,2026-01-19T18:29:32,cancelled,26.15,card
1093,23,22,2026-03-07T19:05:32,delivered,27.41,card
1094,107,16,2026-01-26T02:46:32,delivered,31.46,card
1095,67,12,2026-04-11T05:56:32,delivered,27.57,wallet
1096,111,4,2026-04-09T15:31:32,delivered,21.52,card
1097,91,25,2026-02-10T09:31:32,placed,106.3,cash
1098,132,20,2026-03-24T18:57:32,delivered,87.12,cash
1099,157,20,2026-02-14T14:46:32,delivered,114.11,wallet
1100,43,21,2026-04-08T01:46:32,delivered,31.0,cash
1101,182,15,2026-03-23T18:34:32,delivered,63.82,card
1102,86,27,2026-03-24T21:29:32,delivered,103.04,cash
1103,122,11,2026-02-19T17:37:32,delivered,27.18,cash
1104,107,12,2026-02-24T19:04:32,delivered,35.49,wallet
1105,110,14,2026-02-19T10:44:32,cancelled,108.58,wallet
1106,114,5,2026-01-16T06:51:32,delivered,88.37,wallet
1107,81,13,2026-04-05T15:31:32,cancelled,26.4,card
1108,165,5,2026-02-22T16:10:32,cancelled,14.47,wallet
1109,108,13,2026-01-19T01:34:32,delivered,86.49,cash
1110,72,29,2026-03-04T06:52:32,delivered,111.09,wallet
1111,53,29,2026-02-21T03:11:32,delivered,96.29,wallet
1112,167,13,2026-02-15T19:30:32,delivered,106.67,card
1113,100,24,2026-04-09T00:31:32,delivered,106.55,wallet
1114,24,17,2026-02-03T08:39:32,delivered,66.39,wallet
1115,139,19,2026-03-24T17:51:32,delivered,101.21,cash
1116,188,2,2026-02-18T01:45:32,delivered,37.09,wallet
1117,194,21,2026-02-27T14:49:32,cancelled,58.26,wallet
1118,61,26,2026-04-13T03:31:32,delivered,73.14,wallet
1119,153,8,2026-01-22T20:18:32,delivered,39.87,wallet
1120,183,13,2026-01-29T20:44:32,delivered,35.73,cash
1121,200,12,2026-02-05T23:40:32,delivered,24.41,cash
1122,16,14,2026-02-20T15:47:32,delivered,61.34,cash
1123,135,13,2026-04-04T06:09:32,delivered,66.12,cash
1124,163,14,2026-03-10T23:21:32,cancelled,85.17,cash
1125,130,5,2026-02-19T12:43:32,delivered,59.26,wallet
1126,178,7,2026-02-07T01:45:32,delivered,11.65,card
1127,31,20,2026-02-01T05:54:32,delivered,20.36,cash
1128,134,5,2026-01-30T08:50:32,delivered,42.15,cash
1129,8,26,2026-03-06T08:21:32,delivered,95.78,cash
1130,73,7,2026-04-07T07:56:32,delivered,90.84,card
1131,18,28,2026-03-29T00:30:32,placed,61.89,cash
1132,87,26,2026-01-31T02:55:32,delivered,101.46,wallet
1133,163,15,2026-03-28T13:20:32,delivered,82.73,card
1134,160,22,2026-03-03T15:01:32,delivered,51.37,cash
1135,172,29,2026-03-01T00:50:32,delivered,39.07,card
1136,147,21,2026-03-22T19:51:32,delivered,87.23,wallet
1137,144,3,2026-01-21T14:11:32,delivered,77.29,wallet
1138,49,25,2026-04-06T23:19:32,delivered,108.45,card
1139,5,9,2026-01-19T00:41:32,delivered,35.47,wallet
1140,137,20,2026-01-29T03:47:32,delivered,73.96,cash
1141,47,14,2026-04-11T07:25:32,placed,67.12,cash
1142,26,18,2026-03-12T15:45:32,delivered,24.13,cash
1143,105,22,2026-04-02T13:33:32,delivered,76.82,cash
1144,15,10,2026-03-21T17:07:32,delivered,43.84,cash
1145,31,2,2026-03-03T09:28:32,delivered,92.24,wallet
1146,193,17,2026-03-14T02:20:32,delivered,20.89,card
1147,105,3,2026-03-04T03:17:32,delivered,53.64,card
1148,151,22,2026-04-11T09:17:32,delivered,93.45,wallet
1149,105,15,2026-03-28T08:16:32,preparing,79.21,card
1150,44,26,2026-03-26T06:18:32,delivered,114.69,wallet
1151,119,27,2026-02-15T16:52:32,delivered,81.14,card
1152,124,9,2026-04-13T15:53:32,delivered,102.02,cash
1153,150,27,2026-02-27T21:39:32,delivered,13.09,wallet
1154,77,3,2026-02-03T23:48:32,delivered,21.77,card
1155,111,7,2026-02-01T08:56:32,delivered,115.23,cash
1156,67,25,2026-01-16T07:12:32,delivered,38.58,wallet
1157,118,20,2026-03-03T07:39:32,delivered,110.37,card
1158,122,1,2026-01-21T17:14:32,cancelled,83.34,cash
1159,126,25,2026-01-31T19:07:32,delivered,17.09,wallet
1160,8,29,2026-01-20T15:18:32,delivered,83.22,wallet
1161,97,27,2026-03-29T06:00:32,delivered,51.32,wallet
1162,95,30,2026-04-12T14:23:32,delivered,9.05,wallet
1163,182,12,2026-04-11T09:09:32,delivered,99.42,wallet
1164,60,16,2026-03-05T19:38:32,cancelled,12.12,cash
1165,54,1,2026-01-12T19:14:32,delivered,99.97,cash
1166,129,16,2026-03-30T09:16:32,delivered,29.7,wallet
1167,155,19,2026-01-30T20:09:32,delivered,73.87,wallet
1168,146,28,2026-04-05T13:36:32,delivered,66.58,cash
1169,178,22,2026-03-19T20:51:32,delivered,36.33,wallet
1170,165,22,2026-02-14T17:25:32,cancelled,13.81,cash
1171,32,22,2026-02-17T04:35:32,delivered,63.5,wallet
1172,13,9,2026-04-07T18:38:32,cancelled,67.63,cash
1173,86,3,2026-04-13T05:40:32,delivered,98.46,wallet
1174,20,30,2026-03-15T19:25:32,delivered,26.42,cash
1175,25,1,2026-04-04T21:12:32,delivered,98.5,wallet
1176,65,8,2026-01-23T06:59:32,delivered,34.7,cash
1177,61,3,2026-04-07T07:19:32,delivered,77.39,card
1178,32,3,2026-01-23T03:15:32,cancelled,110.67,cash
1179,33,2,2026-03-03T19:48:32,cancelled,57.49,cash
1180,17,4,2026-01-24T21:25:32,delivered,70.64,cash
1181,159,25,2026-02-24T05:46:32,delivered,104.83,wallet
1182,99,15,2026-01-24T17:23:32,delivered,106.55,wallet
1183,173,26,2026-04-01T07:11:32,placed,65.93,wallet
1184,4,20,2026-03-20T14:46:32,delivered,74.4,card
1185,131,9,2026-01-30T13:12:32,delivered,61.92,wallet
1186,36,26,2026-02-16T12:37:32,placed,22.3,wallet
1187,194,12,2026-02-17T01:11:32,delivered,107.14,card
1188,155,11,2026-03-26T02:33:32,delivered,116.67,wallet
1189,38,2,2026-01-27T20:09:32,delivered,99.75,wallet
1190,51,7,2026-04-07T04:30:32,delivered,30.54,card
1191,122,23,2026-03-01T11:10:32,delivered,60.35,wallet
1192,86,20,2026-03-01T23:16:32,delivered,44.81,card
1193,57,30,2026-02-14T16:21:32,placed,32.98,card
1194,62,16,2026-02-12T22:39:32,delivered,114.69,cash
1195,48,27,2026-02-24T11:27:32,cancelled,48.64,card
1196,30,5,2026-02-27T17:17:32,delivered,29.77,wallet
1197,51,7,2026-02-26T16:51:32,delivered,32.52,cash
1198,142,8,2026-03-22T06:58:32,delivered,10.41,cash
1199,174,5,2026-04-01T16:59:32,delivered,96.19,card
1200,117,8,2026-03-01T11:33:32,delivered,49.7,card
1201,112,29,2026-02-04T21:56:32,delivered,21.27,card
1202,97,23,2026-03-20T11:18:32,delivered,75.15,wallet
1203,158,19,2026-03-13T16:04:32,delivered,67.97,card
1204,162,26,2026-03-03T10:49:32,delivered,22.16,wallet
1205,187,3,2026-01-29T02:39:32,delivered,96.59,wallet
1206,100,25,2026-04-05T12:20:32,delivered,92.13,cash
1207,46,11,2026-02-09T01:23:32,delivered,66.85,cash
1208,149,13,2026-02-09T02:35:32,delivered,96.55,wallet
1209,52,15,2026-04-09T11:38:32,delivered,52.34,cash
1210,41,30,2026-02-18T05:16:32,delivered,36.51,card
1211,114,17,2026-03-27T15:34:32,delivered,73.4,cash
1212,110,15,2026-02-06T22:31:32,delivered,53.8,cash
1213,7,6,2026-03-04T09:28:32,delivered,37.75,card
1214,129,17,2026-02-27T15:34:32,delivered,16.75,cash
1215,19,12,2026-03-15T14:45:32,placed,30.43,card
1216,78,24,2026-01-17T07:36:32,delivered,84.56,cash
1217,36,28,2026-03-19T19:14:32,delivered,90.86,cash
1218,89,26,2026-04-12T08:34:32,cancelled,113.93,wallet
1219,168,17,2026-01-20T17:22:32,cancelled,114.57,cash
1220,192,7,2026-03-15T10:06:32,delivered,65.77,wallet
1221,119,11,2026-02-12T18:00:32,delivered,43.06,card
1222,54,15,2026-02-17T19:26:32,delivered,70.55,cash
1223,33,10,2026-03-26T22:57:32,cancelled,9.08,wallet
1224,108,14,2026-02-27T07:38:32,delivered,53.18,wallet
1225,151,1,2026-02-04T08:32:32,delivered,11.61,card
1226,162,26,2026-03-25T07:16:32,delivered,76.08,cash
1227,17,18,2026-02-24T11:27:32,delivered,61.18,cash
1228,78,3,2026-01-31T03:12:32,delivered,83.59,card
1229,126,1,2026-04-08T19:14:32,delivered,15.78,cash
1230,75,22,2026-03-08T11:38:32,delivered,58.92,cash
1231,84,28,2026-02-06T17:42:32,cancelled,51.8,card
1232,123,24,2026-03-28T00:26:32,preparing,114.97,card
1233,111,27,2026-03-28T11:33:32,delivered,61.18,wallet
1234,52,17,2026-01-30T08:15:32,delivered,59.4,card
1235,17,27,2026-04-13T13:24:32,delivered,98.45,wallet
1236,126,15,2026-03-01T22:56:32,delivered,12.38,card
1237,117,12,2026-03-07T20:56:32,delivered,87.7,cash
1238,45,14,2026-02-21T22:00:32,delivered,108.8,wallet
1239,169,6,2026-02-17T03:28:32,delivered,18.7,wallet
1240,41,9,2026-04-08T09:56:32,delivered,68.23,wallet
1241,185,29,2026-04-04T19:06:32,delivered,63.27,wallet
1242,194,4,2026-03-29T06:48:32,delivered,95.31,cash
1243,54,17,2026-02-15T12:36:32,placed,10.99,wallet
1244,119,13,2026-01-14T20:05:32,delivered,52.73,card
1245,65,4,2026-02-22T16:52:32,delivered,23.29,wallet
1246,18,3,2026-02-13T02:23:32,delivered,35.14,cash
1247,72,27,2026-03-27T02:00:32,delivered,101.91,wallet
1248,32,18,2026-04-01T12:34:32,delivered,26.87,wallet
1249,40,15,2026-04-11T20:35:32,delivered,32.27,card
1250,114,23,2026-01-17T00:39:32,placed,79.1,wallet
1251,169,29,2026-01-20T20:07:32,delivered,85.32,cash
1252,13,25,2026-04-06T22:52:32,delivered,30.59,card
1253,24,1,2026-02-25T10:40:32,delivered,118.8,cash
1254,17,8,2026-03-19T20:10:32,cancelled,18.82,wallet
1255,12,14,2026-03-22T18:42:32,delivered,99.35,cash
1256,160,7,2026-01-31T21:40:32,cancelled,52.25,cash
1257,28,12,2026-03-29T10:39:32,delivered,9.68,wallet
1258,55,15,2026-03-04T17:28:32,delivered,81.69,cash
1259,12,3,2026-01-19T22:29:32,delivered,54.04,wallet
1260,138,26,2026-02-09T14:07:32,cancelled,103.25,card
1261,84,21,2026-03-12T14:14:32,delivered,83.92,wallet
1262,163,25,2026-03-27T07:41:32,delivered,43.61,wallet
1263,5,20,2026-02-11T15:31:32,cancelled,58.28,wallet
1264,129,19,2026-01-21T18:38:32,delivered,9.49,card
1265,61,24,2026-01-25T14:33:32,delivered,35.28,card
1266,128,10,2026-04-06T13:29:32,delivered,50.08,wallet
1267,186,20,2026-04-09T09:53:32,cancelled,57.7,cash
1268,165,26,2026-03-27T09:32:32,delivered,66.34,cash
1269,7,8,2026-01-21T08:04:32,delivered,45.1,card
1270,171,8,2026-03-18T00:49:32,delivered,85.98,card
1271,83,6,2026-01-26T05:19:32,delivered,8.68,cash
1272,163,5,2026-04-05T11:49:32,cancelled,22.06,card
1273,53,8,2026-01-27T23:59:32,delivered,55.74,cash
1274,51,8,2026-03-05T12:06:32,delivered,75.86,cash
1275,163,7,2026-03-07T23:24:32,delivered,95.5,card
1276,43,16,2026-02-26T05:28:32,delivered,64.59,wallet
1277,124,1,2026-02-17T13:00:32,delivered,55.87,card
1278,40,18,2026-03-05T22:18:32,delivered,36.82,cash
1279,97,18,2026-03-05T03:34:32,delivered,16.06,card
1280,49,1,2026-02-12T11:43:32,placed,64.08,wallet
1281,107,13,2026-02-25T02:27:32,cancelled,49.79,cash
1282,19,14,2026-03-04T21:15:32,delivered,119.16,card
1283,50,25,2026-02-22T23:42:32,delivered,36.59,wallet
1284,126,21,2026-02-28T01:07:32,delivered,86.0,wallet
1285,64,8,2026-02-23T04:05:32,delivered,111.2,cash
1286,8,23,2026-01-22T19:09:32,delivered,24.56,wallet
1287,66,8,2026-02-13T20:43:32,delivered,114.6,card
1288,24,21,2026-04-12T14:03:32,delivered,51.05,wallet
1289,49,29,2026-01-28T15:19:32,delivered,100.93,cash
1290,137,22,2026-01-15T08:20:32,delivered,73.64,wallet
1291,23,4,2026-02-19T17:57:32,delivered,94.99,cash
1292,54,30,2026-03-26T09:05:32,delivered,86.29,card
1293,25,3,2026-03-23T02:52:32,delivered,54.8,cash
1294,111,6,2026-01-20T08:06:32,delivered,28.88,card
1295,129,4,2026-03-19T02:41:32,delivered,99.21,card
1296,47,26,2026-03-19T16:05:32,delivered,37.05,cash
1297,160,4,2026-02-15T20:54:32,delivered,26.61,cash
1298,71,3,2026-04-03T05:45:32,delivered,73.59,cash
1299,26,1,2026-02-09T20:04:32,preparing,92.2,card
1300,11,4,2026-01-17T23:02:32,delivered,96.68,cash
1301,69,30,2026-01-26T01:04:32,delivered,92.77,wallet
1302,175,29,2026-02-18T07:29:32,delivered,43.31,card
1303,97,20,2026-02-25T20:27:32,preparing,47.88,cash
1304,179,13,2026-04-01T17:23:32,delivered,107.45,card
1305,136,9,2026-04-09T22:45:32,cancelled,92.16,card
1306,176,22,2026-02-25T03:13:32,delivered,65.67,wallet
1307,83,1,2026-03-20T17:12:32,delivered,105.82,wallet
1308,60,20,2026-03-02T20:24:32,delivered,90.79,card
1309,122,22,2026-02-28T03:53:32,delivered,109.38,wallet
1310,50,23,2026-02-23T08:14:32,delivered,66.25,wallet
1311,128,26,2026-02-08T16:44:32,preparing,101.22,wallet
1312,115,4,2026-02-13T11:55:32,delivered,68.55,card
1313,169,23,2026-03-17T12:04:32,preparing,56.71,wallet
1314,84,29,2026-04-10T11:53:32,delivered,39.4,wallet
1315,172,4,2026-03-11T20:22:32,delivered,111.35,wallet
1316,178,11,2026-02-10T15:02:32,delivered,112.36,wallet
1317,97,30,2026-04-04T21:31:32,delivered,90.43,cash
1318,144,28,2026-01-19T21:02:32,delivered,34.14,cash
1319,29,3,2026-03-30T08:47:32,delivered,74.33,card
1320,33,28,2026-03-29T23:29:32,delivered,50.58,wallet
1321,152,18,2026-04-13T08:49:32,delivered,51.47,cash
1322,174,30,2026-03-04T06:01:32,delivered,66.21,wallet
1323,102,1,2026-01-28T10:46:32,delivered,59.59,card
1324,175,15,2026-03-07T10:21:32,delivered,39.74,wallet
1325,154,11,2026-01-17T19:50:32,delivered,118.92,card
1326,123,21,2026-03-08T19:16:32,delivered,63.44,wallet
1327,86,5,2026-02-24T16:01:32,delivered,31.59,wallet
1328,14,30,2026-03-15T19:05:32,delivered,28.05,cash
1329,169,30,2026-02-22T08:00:32,delivered,119.0,wallet
1330,174,16,2026-02-22T07:25:32,cancelled,92.86,cash
1331,73,10,2026-04-04T01:06:32,delivered,29.85,wallet
1332,83,25,2026-02-22T14:44:32,delivered,104.98,card
1333,168,6,2026-01-13T08:23:32,delivered,57.49,cash
1334,56,26,2026-03-07T13:39:32,delivered,90.36,card
1335,148,4,2026-02-25T17:58:32,delivered,118.71,card
1336,44,30,2026-02-24T04:09:32,preparing,47.83,cash
1337,132,21,2026-03-22T16:45:32,delivered,56.59,card
1338,63,2,2026-01-22T18:27:32,delivered,52.42,cash
1339,168,24,2026-01-14T22:41:32,delivered,85.48,wallet
1340,119,28,2026-01-19T15:03:32,delivered,50.8,wallet
1341,3,4,2026-01-20T03:29:32,delivered,21.67,wallet
1342,6,19,2026-01-18T01:38:32,delivered,72.13,cash
1343,152,6,2026-01-14T18:46:32,delivered,119.99,wallet
1344,33,4,2026-02-17T08:16:32,delivered,87.94,wallet
1345,180,1,2026-03-21T05:00:32,delivered,99.56,wallet
1346,150,18,2026-02-10T15:19:32,delivered,96.49,card
1347,31,6,2026-03-17T19:55:32,delivered,85.86,card
1348,81,4,2026-02-01T03:01:32,placed,72.41,wallet
1349,66,28,2026-03-24T15:17:32,delivered,17.48,card
1350,140,6,2026-02-08T08:29:32,delivered,113.87,card
1351,133,29,2026-03-13T08:50:32,delivered,81.83,cash
1352,178,11,2026-03-26T23:21:32,delivered,118.43,cash
1353,54,23,2026-01-26T00:20:32,preparing,99.81,card
1354,77,28,2026-04-09T11:43:32,delivered,115.23,wallet
1355,92,9,2026-02-02T11:15:32,delivered,77.7,card
1356,98,21,2026-02-02T09:36:32,cancelled,52.81,card
1357,178,5,2026-03-11T20:25:32,delivered,15.9,wallet
1358,166,7,2026-03-09T21:08:32,delivered,71.13,wallet
1359,108,27,2026-02-06T22:42:32,delivered,119.15,cash
1360,64,3,2026-02-24T17:14:32,delivered,67.52,wallet
1361,85,21,2026-02-02T04:48:32,preparing,109.84,cash
1362,3,4,2026-03-26T10:35:32,delivered,116.5,cash
1363,135,24,2026-03-31T14:41:32,delivered,73.95,cash
1364,180,19,2026-04-01T01:30:32,delivered,69.77,wallet
1365,82,25,2026-04-01T16:42:32,delivered,46.66,wallet
1366,153,29,2026-01-17T00:17:32,delivered,61.41,card
1367,132,23,2026-03-11T17:09:32,delivered,22.15,cash
1368,14,30,2026-01-30T18:35:32,delivered,117.14,wallet
1369,108,23,2026-03-12T20:14:32,delivered,57.16,cash
1370,71,14,2026-02-13T01:34:32,delivered,88.47,card
1371,23,10,2026-03-04T20:58:32,delivered,43.03,card
1372,187,8,2026-01-22T15:48:32,cancelled,26.49,card
1373,142,30,2026-04-02T18:34:32,delivered,105.93,cash
1374,188,5,2026-01-17T00:53:32,delivered,65.68,wallet
1375,104,1,2026-02-03T19:45:32,delivered,110.02,wallet
1376,180,18,2026-04-12T19:25:32,delivered,35.35,wallet
1377,156,2,2026-01-19T01:09:32,delivered,116.04,wallet
1378,20,12,2026-02-05T10:41:32,delivered,65.53,card
1379,44,12,2026-02-18T02:28:32,cancelled,45.85,wallet
1380,197,28,2026-03-12T23:58:32,delivered,41.51,cash
1381,189,21,2026-03-11T11:52:32,delivered,32.36,cash
1382,10,30,2026-01-21T01:00:32,delivered,77.19,cash
1383,158,15,2026-04-06T06:52:32,delivered,47.64,card
1384,103,12,2026-02-27T18:41:32,placed,56.25,card
1385,40,14,2026-04-03T01:20:32,delivered,62.59,card
1386,121,13,2026-01-19T09:38:32,delivered,48.82,card
1387,113,22,2026-02-04T09:46:32,delivered,26.13,cash
1388,182,7,2026-02-17T17:30:32,delivered,39.91,card
1389,85,29,2026-02-22T04:05:32,placed,82.61,cash
1390,108,16,2026-01-18T09:45:32,delivered,97.58,wallet
1391,196,25,2026-03-28T07:04:32,delivered,64.21,wallet
1392,28,26,2026-02-23T13:45:32,placed,25.42,wallet
1393,14,22,2026-04-11T20:37:32,delivered,56.12,wallet
1394,75,10,2026-04-12T04:22:32,delivered,93.22,card
1395,131,6,2026-01-24T13:06:32,delivered,93.87,cash
1396,110,7,2026-01-14T10:10:32,delivered,95.66,card
1397,157,6,2026-01-13T18:20:32,delivered,103.75,wallet
1398,31,5,2026-01-22T13:38:32,delivered,38.67,card
1399,158,7,2026-03-26T04:51:32,preparing,13.71,cash
1400,163,8,2026-02-05T08:08:32,delivered,55.72,card
1401,14,10,2026-02-07T04:11:32,delivered,48.72,cash
1402,13,6,2026-02-19T10:32:32,placed,13.84,wallet
1403,121,9,2026-03-03T11:34:32,cancelled,19.29,card
1404,86,10,2026-03-12T02:29:32,delivered,82.92,wallet
1405,93,24,2026-02-02T13:31:32,delivered,91.21,wallet
1406,61,21,2026-02-04T22:29:32,delivered,73.44,card
1407,191,20,2026-03-31T13:12:32,delivered,73.69,wallet
1408,115,30,2026-03-20T11:07:32,preparing,113.48,wallet
1409,122,25,2026-03-01T08:06:32,delivered,88.73,card
1410,141,23,2026-03-28T11:26:32,delivered,106.23,wallet
1411,162,23,2026-02-28T06:24:32,delivered,56.85,cash
1412,129,26,2026-02-19T00:53:32,placed,75.11,wallet
1413,145,2,2026-03-28T08:50:32,delivered,85.71,wallet
1414,137,28,2026-02-22T02:09:32,delivered,16.4,cash
1415,200,13,2026-02-07T05:17:32,delivered,38.41,card
1416,56,19,2026-04-13T12:16:32,delivered,106.47,wallet
1417,185,17,2026-02-14T01:07:32,delivered,103.48,cash
1418,31,6,2026-01-13T09:17:32,delivered,67.76,cash
1419,72,30,2026-04-07T21:43:32,delivered,105.82,card
1420,54,18,2026-01-21T10:00:32,delivered,80.65,wallet
1421,22,23,2026-01-26T06:32:32,delivered,37.57,card
1422,84,2,2026-02-19T22:34:32,delivered,9.17,cash
1423,46,9,2026-03-15T18:35:32,cancelled,68.19,wallet
1424,177,13,2026-03-30T18:05:32,cancelled,36.82,wallet
1425,53,27,2026-01-21T22:17:32,delivered,44.32,card
1426,193,13,2026-01-28T21:01:32,delivered,33.95,wallet
1427,123,3,2026-02-17T06:43:32,delivered,59.45,card
1428,187,6,2026-03-19T23:21:32,delivered,10.36,card
1429,156,7,2026-03-22T05:09:32,preparing,16.07,card
1430,26,24,2026-02-13T21:27:32,delivered,89.4,card
1431,99,1,2026-01-26T14:28:32,delivered,9.52,wallet
1432,198,3,2026-04-08T13:37:32,delivered,113.12,wallet
1433,28,18,2026-04-12T17:02:32,delivered,45.9,wallet
1434,123,25,2026-04-03T11:44:32,delivered,57.76,card
1435,40,8,2026-03-05T07:22:32,preparing,85.51,wallet
1436,12,4,2026-02-03T14:51:32,delivered,19.49,cash
1437,58,1,2026-03-26T16:54:32,delivered,51.16,cash
1438,176,13,2026-01-20T08:38:32,delivered,88.06,card
1439,58,4,2026-02-10T12:45:32,cancelled,39.56,card
1440,93,30,2026-01-25T07:45:32,cancelled,17.5,card
1441,110,17,2026-01-26T13:41:32,delivered,28.31,cash
1442,78,20,2026-03-24T20:09:32,delivered,47.02,card
1443,95,30,2026-03-10T02:10:32,delivered,109.58,card
1444,168,5,2026-04-13T13:03:32,delivered,51.75,wallet
1445,148,14,2026-02-11T15:45:32,cancelled,39.19,card
1446,197,13,2026-03-03T13:41:32,delivered,63.35,cash
1447,163,11,2026-01-15T04:14:32,delivered,113.73,card
1448,128,18,2026-02-23T04:17:32,delivered,67.64,card
1449,184,14,2026-02-23T15:15:32,delivered,94.98,wallet
1450,61,12,2026-03-15T19:47:32,placed,119.32,card
1451,35,30,2026-02-26T00:22:32,delivered,110.07,cash
1452,37,27,2026-03-27T08:23:32,delivered,116.84,cash
1453,58,2,2026-03-13T11:00:32,delivered,21.13,wallet
1454,188,1,2026-01-13T13:28:32,delivered,55.57,card
1455,149,3,2026-01-14T14:10:32,delivered,74.52,card
1456,37,3,2026-04-10T13:29:32,delivered,9.4,cash
1457,191,5,2026-03-25T12:22:32,delivered,86.24,cash
1458,87,15,2026-02-12T04:06:32,delivered,85.87,cash
1459,165,2,2026-03-30T13:49:32,delivered,27.44,card
1460,109,22,2026-04-12T04:59:32,cancelled,58.88,wallet
1461,79,23,2026-03-10T23:20:32,delivered,112.32,cash
1462,33,24,2026-04-02T01:28:32,delivered,77.33,card
1463,191,18,2026-02-22T12:00:32,delivered,16.65,wallet
1464,168,21,2026-02-13T02:32:32,delivered,50.61,card
1465,50,9,2026-02-24T21:25:32,delivered,16.71,wallet
1466,73,6,2026-03-02T17:37:32,delivered,15.32,wallet
1467,142,7,2026-04-12T08:40:32,delivered,11.63,cash
1468,12,19,2026-04-02T23:16:32,cancelled,62.19,card
1469,3,12,2026-03-04T15:33:32,delivered,115.38,wallet
1470,101,24,2026-03-20T07:04:32,delivered,22.51,wallet
1471,190,17,2026-04-01T07:26:32,delivered,98.44,card
1472,98,16,2026-04-09T23:02:32,delivered,103.43,cash
1473,119,3,2026-03-24T13:09:32,delivered,18.45,wallet
1474,175,21,2026-03-15T11:01:32,delivered,88.48,wallet
1475,167,17,2026-02-05T18:14:32,cancelled,46.24,card
1476,160,28,2026-03-01T08:29:32,cancelled,12.48,wallet
1477,54,20,2026-01-16T05:37:32,delivered,115.3,wallet
1478,4,5,2026-01-23T02:46:32,delivered,42.67,card
1479,81,6,2026-02-09T14:23:32,cancelled,26.08,cash
1480,23,3,2026-01-30T06:30:32,delivered,94.46,cash
1481,114,21,2026-02-12T09:04:32,cancelled,113.26,wallet
1482,74,13,2026-02-10T16:29:32,delivered,77.4,wallet
1483,132,28,2026-03-28T03:29:32,delivered,43.13,card
1484,116,9,2026-01-16T04:20:32,delivered,119.02,card
1485,190,26,2026-01-23T21:49:32,delivered,99.98,card
1486,97,6,2026-03-25T14:34:32,delivered,103.63,card
1487,24,12,2026-02-23T03:10:32,delivered,79.96,cash
1488,188,4,2026-03-31T15:41:32,cancelled,111.32,cash
1489,17,11,2026-03-19T05:31:32,delivered,75.69,card
1490,30,9,2026-01-13T18:22:32,delivered,69.05,cash
1491,82,19,2026-03-25T21:39:32,placed,75.32,cash
1492,111,16,2026-04-06T06:02:32,delivered,31.69,card
1493,65,21,2026-01-16T04:35:32,delivered,23.87,cash
1494,183,15,2026-02-21T15:33:32,delivered,66.78,wallet
1495,14,3,2026-03-11T11:59:32,delivered,56.0,cash
1496,108,16,2026-03-23T11:30:32,delivered,85.15,card
1497,178,19,2026-01-14T04:30:32,delivered,9.11,wallet
1498,171,19,2026-03-19T15:06:32,delivered,44.26,wallet
1499,118,30,2026-03-04T17:43:32,delivered,104.8,card
1500,134,24,2026-01-17T04:36:32,placed,58.46,card
